game,model,dataset,split,target
zero_shot,ESM2_150M_UR50D,ERBB2_HUMAN_Elazar_2016,random,
zero_shot,ESM2_150M_UR50D,A0A2Z5U3Z0_9INFA_Doud_2016,random,0.12927650473053645
zero_shot,ESM2_150M_UR50D,AICDA_HUMAN_Gajula_2014_3cycles,random,0.20110452626735534
zero_shot,ESM2_150M_UR50D,A0A1I9GEU1_NEIME_Kennouche_2019,random,0.019819592948671468
zero_shot,ESM2_150M_UR50D,CASP7_HUMAN_Roychowdhury_2020,random,0.5985450801655917
zero_shot,ESM2_150M_UR50D,HSP82_YEAST_Cote-Hammarlof_2020_growth-H2O2,random,0.19522181176051254
zero_shot,ESM2_150M_UR50D,OXDA_RHOTO_Vanella_2023_activity,random,0.31227747616286633
zero_shot,ESM2_150M_UR50D,KKA2_KLEPN_Melnikov_2014,random,0.4181224698543455
zero_shot,ESM2_150M_UR50D,BLAT_ECOLX_Stiffler_2015,random,0.6387556092689342
zero_shot,ESM2_150M_UR50D,RASK_HUMAN_Weng_2022_abundance,random,0.3948131071280499
zero_shot,ESM2_150M_UR50D,LYAM1_HUMAN_Elazar_2016,random,0.3713919758733881
zero_shot,ESM2_150M_UR50D,NPC1_HUMAN_Erwood_2022_RPE1,random,
zero_shot,ESM2_150M_UR50D,NUD15_HUMAN_Suiter_2020,random,0.5083469839053221
zero_shot,ESM2_150M_UR50D,HXK4_HUMAN_Gersing_2022_activity,random,0.4798998108249406
zero_shot,ESM2_150M_UR50D,F7YBW8_MESOW_Ding_2023,random,0.4135960194879166
zero_shot,ESM2_150M_UR50D,RPC1_LAMBD_Li_2019_low-expression,random,0.4253540903540904
zero_shot,ESM2_150M_UR50D,AMIE_PSEAE_Wrenbeck_2017,random,0.42925481262060877
zero_shot,ESM2_150M_UR50D,S22A1_HUMAN_Yee_2023_abundance,random,0.5593169303288026
zero_shot,ESM2_150M_UR50D,GLPA_HUMAN_Elazar_2016,random,0.4428131691840029
zero_shot,ESM2_150M_UR50D,BLAT_ECOLX_Jacquier_2013,random,0.6061025208357198
zero_shot,ESM2_150M_UR50D,DYR_ECOLI_Nguyen_2023,random,0.4932569964083428
zero_shot,ESM2_150M_UR50D,RPC1_LAMBD_Li_2019_high-expression,random,0.41601037851037853
zero_shot,ESM2_150M_UR50D,TPK1_HUMAN_Weile_2017,random,0.2596966919142955
zero_shot,ESM2_150M_UR50D,CAR11_HUMAN_Meitlis_2020_lof,random,
zero_shot,ESM2_150M_UR50D,MK01_HUMAN_Brenan_2016,random,0.1833585945975531
zero_shot,ESM2_150M_UR50D,A0A247D711_LISMN_Stadelmann_2021,random,0.1964542996096247
zero_shot,ESM2_150M_UR50D,CALM1_HUMAN_Weile_2017,random,0.21565355134106884
zero_shot,ESM2_150M_UR50D,CAPSD_AAV2S_Sinai_2021,random,-0.151299934
zero_shot,ESM2_150M_UR50D,CAR11_HUMAN_Meitlis_2020_gof,random,
zero_shot,ESM2_150M_UR50D,KCNE1_HUMAN_Muhammad_2023_function,random,0.5278082632297332
zero_shot,ESM2_150M_UR50D,F7YBW8_MESOW_Aakre_2015,random,0.045894392
zero_shot,ESM2_150M_UR50D,HSP82_YEAST_Flynn_2019,random,0.16831658907181707
zero_shot,ESM2_150M_UR50D,RAF1_HUMAN_Zinkus-Boltz_2019,random,0.44793500458607194
zero_shot,ESM2_150M_UR50D,SC6A4_HUMAN_Young_2021,random,0.4790366558553006
zero_shot,ESM2_150M_UR50D,SRC_HUMAN_Chakraborty_2023_binding-DAS_25uM,random,0.36338846307976413
zero_shot,ESM2_150M_UR50D,KCNJ2_MOUSE_Coyote-Maestas_2022_function,random,0.335721653
zero_shot,ESM2_150M_UR50D,LGK_LIPST_Klesmith_2015,random,0.33704013365520696
zero_shot,ESM2_150M_UR50D,D7PM05_CLYGR_Somermeyer_2022,random,-0.02785807
zero_shot,ESM2_150M_UR50D,SHOC2_HUMAN_Kwon_2022,random,0.2844155665259159
zero_shot,ESM2_150M_UR50D,SUMO1_HUMAN_Weile_2017,random,0.4995454180186946
zero_shot,ESM2_150M_UR50D,AACC1_PSEAI_Dandage_2018,random,0.23748598503101306
zero_shot,ESM2_150M_UR50D,CBS_HUMAN_Sun_2020,random,0.3166367256426882
zero_shot,ESM2_150M_UR50D,HSP82_YEAST_Mishra_2016,random,0.316419662
zero_shot,ESM2_150M_UR50D,A4_HUMAN_Seuma_2022,random,0.29709091355432793
zero_shot,ESM2_150M_UR50D,B2L11_HUMAN_Dutta_2010_binding-Mcl-1,random,0.3890804281849769
zero_shot,ESM2_150M_UR50D,P53_HUMAN_Giacomelli_2018_Null_Nutlin,random,0.25039362724348585
zero_shot,ESM2_150M_UR50D,P53_HUMAN_Giacomelli_2018_Null_Etoposide,random,0.2718924465393912
zero_shot,ESM2_150M_UR50D,RASK_HUMAN_Weng_2022_binding-DARPin_K55,random,0.5941871160419535
zero_shot,ESM2_150M_UR50D,OPSD_HUMAN_Wan_2019,random,0.5265086955360244
zero_shot,ESM2_150M_UR50D,PTEN_HUMAN_Mighell_2018,random,0.5307267305219538
zero_shot,ESM2_150M_UR50D,CASP3_HUMAN_Roychowdhury_2020,random,0.6260353734501617
zero_shot,ESM2_150M_UR50D,ADRB2_HUMAN_Jones_2020,random,0.4618832734606143
zero_shot,ESM2_150M_UR50D,SPIKE_SARS2_Starr_2020_binding,random,
zero_shot,ESM2_150M_UR50D,SRC_HUMAN_Nguyen_2022,random,0.3577274298049662
zero_shot,ESM2_150M_UR50D,P53_HUMAN_Giacomelli_2018_WT_Nutlin,random,0.25232197012470226
zero_shot,ESM2_150M_UR50D,Q59976_STRSQ_Romero_2015,random,0.47102342648214485
zero_shot,ESM2_150M_UR50D,RL40A_YEAST_Roscoe_2014,random,0.502541445
zero_shot,ESM2_150M_UR50D,SPIKE_SARS2_Starr_2020_expression,random,
zero_shot,ESM2_150M_UR50D,CAS9_STRP1_Spencer_2017_positive,random,
zero_shot,ESM2_150M_UR50D,MET_HUMAN_Estevam_2023,random,0.5387145020992435
zero_shot,ESM2_150M_UR50D,CP2C9_HUMAN_Amorosi_2021_activity,random,0.660074465
zero_shot,ESM2_150M_UR50D,CCDB_ECOLI_Adkar_2012,random,0.23983338985221198
zero_shot,ESM2_150M_UR50D,DYR_ECOLI_Thompson_2019,random,0.46577468831532076
zero_shot,ESM2_150M_UR50D,KCNJ2_MOUSE_Coyote-Maestas_2022_surface,random,0.35640006361713367
zero_shot,ESM2_150M_UR50D,UBC9_HUMAN_Weile_2017,random,0.35682367045968955
zero_shot,ESM2_150M_UR50D,PPM1D_HUMAN_Miller_2022,random,0.45690376160012003
zero_shot,ESM2_150M_UR50D,NPC1_HUMAN_Erwood_2022_HEK293T,random,
zero_shot,ESM2_150M_UR50D,BLAT_ECOLX_Deng_2012,random,0.4577961745019279
zero_shot,ESM2_150M_UR50D,VKOR1_HUMAN_Chiasson_2020_activity,random,0.38697072254925197
zero_shot,ESM2_150M_UR50D,PRKN_HUMAN_Clausen_2023,random,0.4076645758780617
zero_shot,ESM2_150M_UR50D,RASH_HUMAN_Bandaru_2017,random,0.5229462464212857
zero_shot,ESM2_150M_UR50D,DLG4_HUMAN_Faure_2021,random,0.7414242458288172
zero_shot,ESM2_150M_UR50D,HEM3_HUMAN_Loggerenberg_2023,random,0.4066817766866784
zero_shot,ESM2_150M_UR50D,TADBP_HUMAN_Bolognesi_2019,random,0.1962696023724527
zero_shot,ESM2_150M_UR50D,MTH3_HAEAE_RockahShmuel_2015,random,0.40705927483395604
zero_shot,ESM2_150M_UR50D,PTEN_HUMAN_Matreyek_2021,random,0.46418220033215285
zero_shot,ESM2_150M_UR50D,CCDB_ECOLI_Tripathi_2016,random,0.38364752657106843
zero_shot,ESM2_150M_UR50D,ESTA_BACSU_Nutschel_2020,random,0.23260592186867232
zero_shot,ESM2_150M_UR50D,PAI1_HUMAN_Huttinger_2021,random,0.41198419076949466
zero_shot,ESM2_150M_UR50D,UBE4B_MOUSE_Starita_2013,random,
zero_shot,ESM2_150M_UR50D,A0A2Z5U3Z0_9INFA_Wu_2014,random,0.13388386649784048
zero_shot,ESM2_150M_UR50D,HIS7_YEAST_Pokusaeva_2019,random,
zero_shot,ESM2_150M_UR50D,PPARG_HUMAN_Majithia_2016,random,0.3639906080292446
zero_shot,ESM2_150M_UR50D,OXDA_RHOTO_Vanella_2023_expression,random,0.314992251
zero_shot,ESM2_150M_UR50D,P53_HUMAN_Kotler_2018,random,0.5135153961654995
zero_shot,ESM2_150M_UR50D,R1AB_SARS2_Flynn_2022,random,-0.014871246
zero_shot,ESM2_150M_UR50D,ACE2_HUMAN_Chan_2020,random,0.18618764765589557
zero_shot,ESM2_150M_UR50D,BLAT_ECOLX_Firnberg_2014,random,0.6418609168189663
zero_shot,ESM2_150M_UR50D,P84126_THETH_Chan_2017,random,0.5510087632150953
zero_shot,ESM2_150M_UR50D,Q6WV12_9MAXI_Somermeyer_2022,random,-0.003781395
zero_shot,ESM2_150M_UR50D,SERC_HUMAN_Xie_2023,random,0.5305450116445529
zero_shot,ESM2_150M_UR50D,NCAP_I34A1_Doud_2015,random,0.012790402237092898
zero_shot,ESM2_150M_UR50D,TRPC_SACS2_Chan_2017,random,0.5349777572325177
zero_shot,ESM2_150M_UR50D,PABP_YEAST_Melamed_2013,random,0.598879051
zero_shot,ESM2_150M_UR50D,GFP_AEQVI_Sarkisyan_2016,random,0.11894269992247766
zero_shot,ESM2_150M_UR50D,CCR5_HUMAN_Gill_2023,random,0.31782293911439274
zero_shot,ESM2_150M_UR50D,GDIA_HUMAN_Silverstein_2021,random,0.4318864285462028
zero_shot,ESM2_150M_UR50D,RL40A_YEAST_Mavor_2016,random,0.4279767808637954
zero_shot,ESM2_150M_UR50D,OTC_HUMAN_Lo_2023,random,0.4978347781581448
zero_shot,ESM2_150M_UR50D,TAT_HV1BR_Fernandes_2016,random,-0.172294216
zero_shot,ESM2_150M_UR50D,IF1_ECOLI_Kelsic_2016,random,0.5093383973358329
zero_shot,ESM2_150M_UR50D,RNC_ECOLI_Weeks_2023,random,0.5668073726500954
zero_shot,ESM2_150M_UR50D,HMDH_HUMAN_Jiang_2019,random,0.2609335464054051
zero_shot,ESM2_150M_UR50D,KCNH2_HUMAN_Kozek_2020,random,
zero_shot,ESM2_150M_UR50D,A4GRB6_PSEAI_Chen_2020,random,0.5879842740579373
zero_shot,ESM2_150M_UR50D,BRCA1_HUMAN_Findlay_2018,random,
zero_shot,ESM2_150M_UR50D,Q53Z42_HUMAN_McShan_2019_expression,random,0.4825430177984125
zero_shot,ESM2_150M_UR50D,GCN4_YEAST_Staller_2018,random,-0.080246653
zero_shot,ESM2_150M_UR50D,SPG1_STRSG_Wu_2016,random,-0.102850306
zero_shot,ESM2_150M_UR50D,PHOT_CHLRE_Chen_2023,random,0.5850894051721526
zero_shot,ESM2_150M_UR50D,DLG4_RAT_McLaughlin_2012,random,0.5375430899817217
zero_shot,ESM2_150M_UR50D,GRB2_HUMAN_Faure_2021,random,0.6316118336871736
zero_shot,ESM2_150M_UR50D,MLAC_ECOLI_MacRae_2023,random,0.24365302145646062
zero_shot,ESM2_150M_UR50D,SRC_HUMAN_Ahler_2019,random,0.45509298351184735
zero_shot,ESM2_150M_UR50D,YAP1_HUMAN_Araya_2012,random,0.3426557466205998
zero_shot,ESM2_150M_UR50D,TPMT_HUMAN_Matreyek_2018,random,0.47912323413080554
zero_shot,ESM2_150M_UR50D,MSH2_HUMAN_Jia_2020,random,0.3801417357251046
zero_shot,ESM2_150M_UR50D,SPG1_STRSG_Olson_2014,random,
zero_shot,ESM2_150M_UR50D,HXK4_HUMAN_Gersing_2023_abundance,random,0.3302560210144732
zero_shot,ESM2_150M_UR50D,NRAM_I33A0_Jiang_2016,random,0.19955497603586309
zero_shot,ESM2_150M_UR50D,C6KNH7_9INFA_Lee_2018,random,0.054389683
zero_shot,ESM2_150M_UR50D,GAL4_YEAST_Kitzman_2015,random,0.48451757933077055
zero_shot,ESM2_150M_UR50D,RL40A_YEAST_Roscoe_2013,random,0.47577272263377585
zero_shot,ESM2_150M_UR50D,I6TAH8_I68A0_Doud_2015,random,-0.011686925
zero_shot,ESM2_150M_UR50D,S22A1_HUMAN_Yee_2023_activity,random,0.4725735010393545
zero_shot,ESM2_150M_UR50D,MTHR_HUMAN_Weile_2021,random,0.4665499864528273
zero_shot,ESM2_150M_UR50D,CP2C9_HUMAN_Amorosi_2021_abundance,random,0.618102455
zero_shot,ESM2_150M_UR50D,TRPC_THEMA_Chan_2017,random,0.5129340355117123
zero_shot,ESM2_150M_UR50D,REV_HV1H2_Fernandes_2016,random,0.12038267636668092
zero_shot,ESM2_150M_UR50D,SCN5A_HUMAN_Glazer_2019,random,
zero_shot,ESM2_150M_UR50D,ENVZ_ECOLI_Ghose_2023,random,0.18986284542482293
zero_shot,ESM2_150M_UR50D,VKOR1_HUMAN_Chiasson_2020_abundance,random,0.4515258237494114
zero_shot,ESM2_150M_UR50D,KCNE1_HUMAN_Muhammad_2023_expression,random,0.10734805778680506
zero_shot,ESM2_150M_UR50D,CD19_HUMAN_Klesmith_2019_FMC_singles,random,0.09160633
zero_shot,ESM2_150M_UR50D,SYUA_HUMAN_Newberry_2020,random,0.12689828600110786
zero_shot,ESM2_150M_UR50D,Q53Z42_HUMAN_McShan_2019_binding-TAPBPR,random,0.35253681354290645
zero_shot,ESM2_150M_UR50D,Q8WTC7_9CNID_Somermeyer_2022,random,0.019969647665991946
zero_shot,ESM2_150M_UR50D,A0A140D2T1_ZIKV_Sourisseau_2019,random,
zero_shot,ESM2_150M_UR50D,A0A192B1T2_9HIV1_Haddox_2018,random,0.061094131
zero_shot,ESM2_150M_UR50D,A4D664_9INFA_Soh_2019,random,0.11209534002491796
zero_shot,ESM2_150M_UR50D,ANCSZ_Hobbs_2022,random,0.5656368874816979
zero_shot,ESM2_150M_UR50D,BRCA2_HUMAN_Erwood_2022_HEK293T,random,
zero_shot,ESM2_150M_UR50D,ENV_HV1B9_DuenasDecamp_2016,random,0.10106124748583233
zero_shot,ESM2_150M_UR50D,ENV_HV1BR_Haddox_2016,random,0.037639220051929254
zero_shot,ESM2_150M_UR50D,PA_I34A1_Wu_2015,random,0.022710638355550924
zero_shot,ESM2_150M_UR50D,POLG_CXB3N_Mattenberger_2021,random,
zero_shot,ESM2_150M_UR50D,POLG_DEN26_Suphatrakul_2023,random,0.13557595939643607
zero_shot,ESM2_150M_UR50D,POLG_HCVJF_Qi_2014,random,
zero_shot,ESM2_150M_UR50D,Q2N0S5_9HIV1_Haddox_2018,random,0.050627661633284735
zero_shot,ESM2_150M_UR50D,Q837P4_ENTFA_Meier_2023,random,
zero_shot,ESM2_150M_UR50D,Q837P5_ENTFA_Meier_2023,random,0.3995419103835738
zero_shot,ESM2_150M_UR50D,RDRP_I33A0_Li_2023,random,0.1314214233885909
zero_shot,ESM2_150M_UR50D,TPOR_HUMAN_Bridgford_2020,random,0.3397856358720862
zero_shot,ESM2_150M_UR50D,PR40A_HUMAN_Tsuboyama_2023_1UZC,random,0.7748714731211498
zero_shot,ESM2_150M_UR50D,ODP2_GEOSE_Tsuboyama_2023_1W4G,random,0.140016991
zero_shot,ESM2_150M_UR50D,RS15_GEOSE_Tsuboyama_2023_1A32,random,0.4882868323509771
zero_shot,ESM2_150M_UR50D,VG08_BPP22_Tsuboyama_2023_2GP8,random,0.5546325402622857
zero_shot,ESM2_150M_UR50D,VILI_CHICK_Tsuboyama_2023_1YU5,random,0.5204154626465698
zero_shot,ESM2_150M_UR50D,AMFR_HUMAN_Tsuboyama_2023_4G3O,random,0.4108705658292845
zero_shot,ESM2_150M_UR50D,RBP1_HUMAN_Tsuboyama_2023_2KWH,random,0.4637387921882209
zero_shot,ESM2_150M_UR50D,FKBP3_HUMAN_Tsuboyama_2023_2KFV,random,0.24459327679954596
zero_shot,ESM2_150M_UR50D,FECA_ECOLI_Tsuboyama_2023_2D1U,random,0.4795922984535832
zero_shot,ESM2_150M_UR50D,NUSA_ECOLI_Tsuboyama_2023_1WCL,random,0.44509372274197007
zero_shot,ESM2_150M_UR50D,ISDH_STAAW_Tsuboyama_2023_2LHR,random,0.4656599600825563
zero_shot,ESM2_150M_UR50D,TCRG1_MOUSE_Tsuboyama_2023_1E0L,random,0.6790002809925088
zero_shot,ESM2_150M_UR50D,SAV1_MOUSE_Tsuboyama_2023_2YSB,random,0.5563357075780219
zero_shot,ESM2_150M_UR50D,POLG_PESV_Tsuboyama_2023_2MXD,random,0.35690441212786217
zero_shot,ESM2_150M_UR50D,SR43C_ARATH_Tsuboyama_2023_2N88,random,0.6812516912228755
zero_shot,ESM2_150M_UR50D,MAFG_MOUSE_Tsuboyama_2023_1K1V,random,0.31734112523422897
zero_shot,ESM2_150M_UR50D,NUSG_MYCTU_Tsuboyama_2023_2MI6,random,0.5018441558619368
zero_shot,ESM2_150M_UR50D,UBR5_HUMAN_Tsuboyama_2023_1I2T,random,0.277604662
zero_shot,ESM2_150M_UR50D,BBC1_YEAST_Tsuboyama_2023_1TG0,random,0.5011459259167872
zero_shot,ESM2_150M_UR50D,CBPA2_HUMAN_Tsuboyama_2023_1O6X,random,0.7514673434109364
zero_shot,ESM2_150M_UR50D,TNKS2_HUMAN_Tsuboyama_2023_5JRT,random,0.5750986464109964
zero_shot,ESM2_150M_UR50D,DOCK1_MOUSE_Tsuboyama_2023_2M0Y,random,0.42540678958540273
zero_shot,ESM2_150M_UR50D,ILF3_HUMAN_Tsuboyama_2023_2L33,random,0.41715050599383224
zero_shot,ESM2_150M_UR50D,RCRO_LAMBD_Tsuboyama_2023_1ORC,random,0.5161674706602346
zero_shot,ESM2_150M_UR50D,CSN4_MOUSE_Tsuboyama_2023_1UFM,random,0.5788365558141799
zero_shot,ESM2_150M_UR50D,RD23A_HUMAN_Tsuboyama_2023_1IFY,random,0.5767211821392279
zero_shot,ESM2_150M_UR50D,UBE4B_HUMAN_Tsuboyama_2023_3L1X,random,0.42399592478198495
zero_shot,ESM2_150M_UR50D,DNJA1_HUMAN_Tsuboyama_2023_2LO1,random,0.7029822371052143
zero_shot,ESM2_150M_UR50D,DN7A_SACS2_Tsuboyama_2023_1JIC,random,0.1787410491934719
zero_shot,ESM2_150M_UR50D,PIN1_HUMAN_Tsuboyama_2023_1I6C,random,0.6098323972858047
zero_shot,ESM2_150M_UR50D,VRPI_BPT7_Tsuboyama_2023_2WNM,random,0.49931576576958997
zero_shot,ESM2_150M_UR50D,HECD1_HUMAN_Tsuboyama_2023_3DKM,random,0.4175348249306151
zero_shot,ESM2_150M_UR50D,SPTN1_CHICK_Tsuboyama_2023_1TUD,random,0.5741078418457326
zero_shot,ESM2_150M_UR50D,RPC1_BP434_Tsuboyama_2023_1R69,random,0.7691382488584233
zero_shot,ESM2_150M_UR50D,YNZC_BACSU_Tsuboyama_2023_2JVD,random,0.618903022
zero_shot,ESM2_150M_UR50D,OBSCN_HUMAN_Tsuboyama_2023_1V1C,random,0.732817151
zero_shot,ESM2_150M_UR50D,HCP_LAMBD_Tsuboyama_2023_2L6Q,random,0.5842408003193563
zero_shot,ESM2_150M_UR50D,THO1_YEAST_Tsuboyama_2023_2WQG,random,0.46016290903497864
zero_shot,ESM2_150M_UR50D,SDA_BACSU_Tsuboyama_2023_1PV0,random,0.6080921501078448
zero_shot,ESM2_150M_UR50D,CBX4_HUMAN_Tsuboyama_2023_2K28,random,0.7264234413243725
zero_shot,ESM2_150M_UR50D,SRBS1_HUMAN_Tsuboyama_2023_2O2W,random,0.7108756921535382
zero_shot,ESM2_150M_UR50D,MYO3_YEAST_Tsuboyama_2023_2BTT,random,0.5151980124280428
zero_shot,ESM2_150M_UR50D,BCHB_CHLTE_Tsuboyama_2023_2KRU,random,0.080353886
zero_shot,ESM2_150M_UR50D,RCD1_ARATH_Tsuboyama_2023_5OAO,random,0.5316280988306997
zero_shot,ESM2_150M_UR50D,SOX30_HUMAN_Tsuboyama_2023_7JJK,random,0.3824546848728981
zero_shot,ESM2_150M_UR50D,NKX31_HUMAN_Tsuboyama_2023_2L9R,random,0.6880673579143359
zero_shot,ESM2_150M_UR50D,CUE1_YEAST_Tsuboyama_2023_2MYX,random,0.38271610367577713
zero_shot,ESM2_150M_UR50D,OTU7A_HUMAN_Tsuboyama_2023_2L2D,random,0.508955269
zero_shot,ESM2_150M_UR50D,PITX2_HUMAN_Tsuboyama_2023_2L7M,random,0.6582680963045346
zero_shot,ESM2_150M_UR50D,PKN1_HUMAN_Tsuboyama_2023_1URF,random,0.433999261
zero_shot,ESM2_150M_UR50D,SQSTM_MOUSE_Tsuboyama_2023_2RRU,random,0.31128562375748653
zero_shot,ESM2_150M_UR50D,EPHB2_HUMAN_Tsuboyama_2023_1F0M,random,0.7380523719997989
zero_shot,ESM2_150M_UR50D,SCIN_STAAR_Tsuboyama_2023_2QFF,random,0.3268824610419172
zero_shot,ESM2_150M_UR50D,MBD11_ARATH_Tsuboyama_2023_6ACV,random,0.7496485546571836
zero_shot,ESM2_150M_UR50D,PSAE_PICP2_Tsuboyama_2023_1PSE,random,0.6133243275512784
zero_shot,ESM2_150M_UR50D,SPG2_STRSG_Tsuboyama_2023_5UBS,random,0.36327874963226364
zero_shot,ESM2_150M_UR50D,ARGR_ECOLI_Tsuboyama_2023_1AOY,random,0.47184841214187345
zero_shot,ESM2_150M_UR50D,RAD_ANTMA_Tsuboyama_2023_2CJJ,random,0.534697163
zero_shot,ESM2_150M_UR50D,RL20_AQUAE_Tsuboyama_2023_1GYZ,random,0.24401319432501686
zero_shot,ESM2_150M_UR50D,SBI_STAAM_Tsuboyama_2023_2JVG,random,0.367427413
zero_shot,ESM2_150M_UR50D,RFAH_ECOLI_Tsuboyama_2023_2LCL,random,0.054587962
zero_shot,ESM2_150M_UR50D,YAIA_ECOLI_Tsuboyama_2023_2KVT,random,0.5406260773822306
zero_shot,ESM2_35M_UR50D,ERBB2_HUMAN_Elazar_2016,random,
zero_shot,ESM2_35M_UR50D,A0A2Z5U3Z0_9INFA_Doud_2016,random,0.12071673102051117
zero_shot,ESM2_35M_UR50D,AICDA_HUMAN_Gajula_2014_3cycles,random,-0.228243013
zero_shot,ESM2_35M_UR50D,A0A1I9GEU1_NEIME_Kennouche_2019,random,0.004427764
zero_shot,ESM2_35M_UR50D,CASP7_HUMAN_Roychowdhury_2020,random,0.574712618
zero_shot,ESM2_35M_UR50D,HSP82_YEAST_Cote-Hammarlof_2020_growth-H2O2,random,0.065725404
zero_shot,ESM2_35M_UR50D,OXDA_RHOTO_Vanella_2023_activity,random,0.22280644314218662
zero_shot,ESM2_35M_UR50D,KKA2_KLEPN_Melnikov_2014,random,0.29601984267645776
zero_shot,ESM2_35M_UR50D,BLAT_ECOLX_Stiffler_2015,random,0.5197888023897842
zero_shot,ESM2_35M_UR50D,RASK_HUMAN_Weng_2022_abundance,random,0.431277658
zero_shot,ESM2_35M_UR50D,LYAM1_HUMAN_Elazar_2016,random,0.37645191591400223
zero_shot,ESM2_35M_UR50D,NPC1_HUMAN_Erwood_2022_RPE1,random,
zero_shot,ESM2_35M_UR50D,NUD15_HUMAN_Suiter_2020,random,0.44423449121427955
zero_shot,ESM2_35M_UR50D,HXK4_HUMAN_Gersing_2022_activity,random,0.2614951685519178
zero_shot,ESM2_35M_UR50D,F7YBW8_MESOW_Ding_2023,random,0.4372418816522491
zero_shot,ESM2_35M_UR50D,RPC1_LAMBD_Li_2019_low-expression,random,0.3096842046842047
zero_shot,ESM2_35M_UR50D,AMIE_PSEAE_Wrenbeck_2017,random,0.3824466686947938
zero_shot,ESM2_35M_UR50D,S22A1_HUMAN_Yee_2023_abundance,random,0.5102548513485818
zero_shot,ESM2_35M_UR50D,GLPA_HUMAN_Elazar_2016,random,0.38710230193636835
zero_shot,ESM2_35M_UR50D,BLAT_ECOLX_Jacquier_2013,random,0.4872069494250077
zero_shot,ESM2_35M_UR50D,DYR_ECOLI_Nguyen_2023,random,0.4735769530678838
zero_shot,ESM2_35M_UR50D,RPC1_LAMBD_Li_2019_high-expression,random,0.2966164391164391
zero_shot,ESM2_35M_UR50D,TPK1_HUMAN_Weile_2017,random,0.2083107163385888
zero_shot,ESM2_35M_UR50D,CAR11_HUMAN_Meitlis_2020_lof,random,
zero_shot,ESM2_35M_UR50D,MK01_HUMAN_Brenan_2016,random,0.18084878309562138
zero_shot,ESM2_35M_UR50D,A0A247D711_LISMN_Stadelmann_2021,random,0.19164798673873856
zero_shot,ESM2_35M_UR50D,CALM1_HUMAN_Weile_2017,random,0.21487250270594882
zero_shot,ESM2_35M_UR50D,CAPSD_AAV2S_Sinai_2021,random,0.018135393314668485
zero_shot,ESM2_35M_UR50D,CAR11_HUMAN_Meitlis_2020_gof,random,
zero_shot,ESM2_35M_UR50D,KCNE1_HUMAN_Muhammad_2023_function,random,-0.18572079
zero_shot,ESM2_35M_UR50D,F7YBW8_MESOW_Aakre_2015,random,0.027283318729220168
zero_shot,ESM2_35M_UR50D,HSP82_YEAST_Flynn_2019,random,0.087891693
zero_shot,ESM2_35M_UR50D,RAF1_HUMAN_Zinkus-Boltz_2019,random,0.20773254980362602
zero_shot,ESM2_35M_UR50D,SC6A4_HUMAN_Young_2021,random,0.30423171651932823
zero_shot,ESM2_35M_UR50D,SRC_HUMAN_Chakraborty_2023_binding-DAS_25uM,random,0.36067687714487157
zero_shot,ESM2_35M_UR50D,KCNJ2_MOUSE_Coyote-Maestas_2022_function,random,0.2615129070528749
zero_shot,ESM2_35M_UR50D,LGK_LIPST_Klesmith_2015,random,0.2789616678721758
zero_shot,ESM2_35M_UR50D,D7PM05_CLYGR_Somermeyer_2022,random,0.055560639459138375
zero_shot,ESM2_35M_UR50D,SHOC2_HUMAN_Kwon_2022,random,0.268491368
zero_shot,ESM2_35M_UR50D,SUMO1_HUMAN_Weile_2017,random,0.42183244801855513
zero_shot,ESM2_35M_UR50D,AACC1_PSEAI_Dandage_2018,random,0.2402085818649702
zero_shot,ESM2_35M_UR50D,CBS_HUMAN_Sun_2020,random,0.20284304394118377
zero_shot,ESM2_35M_UR50D,HSP82_YEAST_Mishra_2016,random,0.21027905661638052
zero_shot,ESM2_35M_UR50D,A4_HUMAN_Seuma_2022,random,0.21945054620957435
zero_shot,ESM2_35M_UR50D,B2L11_HUMAN_Dutta_2010_binding-Mcl-1,random,0.21649965498500867
zero_shot,ESM2_35M_UR50D,P53_HUMAN_Giacomelli_2018_Null_Nutlin,random,-0.128593901
zero_shot,ESM2_35M_UR50D,P53_HUMAN_Giacomelli_2018_Null_Etoposide,random,-0.124933339
zero_shot,ESM2_35M_UR50D,RASK_HUMAN_Weng_2022_binding-DARPin_K55,random,0.5920219604541959
zero_shot,ESM2_35M_UR50D,OPSD_HUMAN_Wan_2019,random,0.426559453
zero_shot,ESM2_35M_UR50D,PTEN_HUMAN_Mighell_2018,random,0.3287227972403594
zero_shot,ESM2_35M_UR50D,CASP3_HUMAN_Roychowdhury_2020,random,0.5496347340746337
zero_shot,ESM2_35M_UR50D,ADRB2_HUMAN_Jones_2020,random,0.4291116788038233
zero_shot,ESM2_35M_UR50D,SPIKE_SARS2_Starr_2020_binding,random,
zero_shot,ESM2_35M_UR50D,SRC_HUMAN_Nguyen_2022,random,0.35826430471751647
zero_shot,ESM2_35M_UR50D,P53_HUMAN_Giacomelli_2018_WT_Nutlin,random,-0.154153939
zero_shot,ESM2_35M_UR50D,Q59976_STRSQ_Romero_2015,random,0.40257785452040495
zero_shot,ESM2_35M_UR50D,RL40A_YEAST_Roscoe_2014,random,0.4354768000869018
zero_shot,ESM2_35M_UR50D,SPIKE_SARS2_Starr_2020_expression,random,
zero_shot,ESM2_35M_UR50D,CAS9_STRP1_Spencer_2017_positive,random,
zero_shot,ESM2_35M_UR50D,MET_HUMAN_Estevam_2023,random,0.4865137320311839
zero_shot,ESM2_35M_UR50D,CP2C9_HUMAN_Amorosi_2021_activity,random,0.6293689754707777
zero_shot,ESM2_35M_UR50D,CCDB_ECOLI_Adkar_2012,random,0.13302708110315564
zero_shot,ESM2_35M_UR50D,DYR_ECOLI_Thompson_2019,random,0.34574554554772685
zero_shot,ESM2_35M_UR50D,KCNJ2_MOUSE_Coyote-Maestas_2022_surface,random,0.3459135703675364
zero_shot,ESM2_35M_UR50D,UBC9_HUMAN_Weile_2017,random,0.12350661747222337
zero_shot,ESM2_35M_UR50D,PPM1D_HUMAN_Miller_2022,random,0.3273538519734982
zero_shot,ESM2_35M_UR50D,NPC1_HUMAN_Erwood_2022_HEK293T,random,
zero_shot,ESM2_35M_UR50D,BLAT_ECOLX_Deng_2012,random,0.35009427571784746
zero_shot,ESM2_35M_UR50D,VKOR1_HUMAN_Chiasson_2020_activity,random,0.2568984686814644
zero_shot,ESM2_35M_UR50D,PRKN_HUMAN_Clausen_2023,random,0.2422820821208184
zero_shot,ESM2_35M_UR50D,RASH_HUMAN_Bandaru_2017,random,0.5421143825073674
zero_shot,ESM2_35M_UR50D,DLG4_HUMAN_Faure_2021,random,0.7358022136450204
zero_shot,ESM2_35M_UR50D,HEM3_HUMAN_Loggerenberg_2023,random,0.36551074164281255
zero_shot,ESM2_35M_UR50D,TADBP_HUMAN_Bolognesi_2019,random,0.19918825694954934
zero_shot,ESM2_35M_UR50D,MTH3_HAEAE_RockahShmuel_2015,random,0.3434157695965051
zero_shot,ESM2_35M_UR50D,PTEN_HUMAN_Matreyek_2021,random,0.21013313359550573
zero_shot,ESM2_35M_UR50D,CCDB_ECOLI_Tripathi_2016,random,0.13018658600901145
zero_shot,ESM2_35M_UR50D,ESTA_BACSU_Nutschel_2020,random,0.21575065281560393
zero_shot,ESM2_35M_UR50D,PAI1_HUMAN_Huttinger_2021,random,0.36067817079539366
zero_shot,ESM2_35M_UR50D,UBE4B_MOUSE_Starita_2013,random,
zero_shot,ESM2_35M_UR50D,A0A2Z5U3Z0_9INFA_Wu_2014,random,0.127985088
zero_shot,ESM2_35M_UR50D,HIS7_YEAST_Pokusaeva_2019,random,
zero_shot,ESM2_35M_UR50D,PPARG_HUMAN_Majithia_2016,random,0.16773700989522122
zero_shot,ESM2_35M_UR50D,OXDA_RHOTO_Vanella_2023_expression,random,0.2817377013689092
zero_shot,ESM2_35M_UR50D,P53_HUMAN_Kotler_2018,random,0.040996196
zero_shot,ESM2_35M_UR50D,R1AB_SARS2_Flynn_2022,random,-0.018246611
zero_shot,ESM2_35M_UR50D,ACE2_HUMAN_Chan_2020,random,0.067418653
zero_shot,ESM2_35M_UR50D,BLAT_ECOLX_Firnberg_2014,random,0.5271262989679179
zero_shot,ESM2_35M_UR50D,P84126_THETH_Chan_2017,random,0.5057028845527565
zero_shot,ESM2_35M_UR50D,Q6WV12_9MAXI_Somermeyer_2022,random,-0.106005438
zero_shot,ESM2_35M_UR50D,SERC_HUMAN_Xie_2023,random,0.42511989575526093
zero_shot,ESM2_35M_UR50D,NCAP_I34A1_Doud_2015,random,0.027249592401874936
zero_shot,ESM2_35M_UR50D,TRPC_SACS2_Chan_2017,random,0.4616423798632853
zero_shot,ESM2_35M_UR50D,PABP_YEAST_Melamed_2013,random,0.5069122411475058
zero_shot,ESM2_35M_UR50D,GFP_AEQVI_Sarkisyan_2016,random,0.18993416757157375
zero_shot,ESM2_35M_UR50D,CCR5_HUMAN_Gill_2023,random,0.32937856778980357
zero_shot,ESM2_35M_UR50D,GDIA_HUMAN_Silverstein_2021,random,0.22807611220528393
zero_shot,ESM2_35M_UR50D,RL40A_YEAST_Mavor_2016,random,0.3294478518934598
zero_shot,ESM2_35M_UR50D,OTC_HUMAN_Lo_2023,random,0.2939826522490429
zero_shot,ESM2_35M_UR50D,TAT_HV1BR_Fernandes_2016,random,-0.062121604
zero_shot,ESM2_35M_UR50D,IF1_ECOLI_Kelsic_2016,random,0.44303351317641926
zero_shot,ESM2_35M_UR50D,RNC_ECOLI_Weeks_2023,random,0.5341651236649776
zero_shot,ESM2_35M_UR50D,HMDH_HUMAN_Jiang_2019,random,0.030438872512051348
zero_shot,ESM2_35M_UR50D,KCNH2_HUMAN_Kozek_2020,random,
zero_shot,ESM2_35M_UR50D,A4GRB6_PSEAI_Chen_2020,random,0.4738764168189551
zero_shot,ESM2_35M_UR50D,BRCA1_HUMAN_Findlay_2018,random,
zero_shot,ESM2_35M_UR50D,Q53Z42_HUMAN_McShan_2019_expression,random,0.096446971
zero_shot,ESM2_35M_UR50D,GCN4_YEAST_Staller_2018,random,-0.024617397
zero_shot,ESM2_35M_UR50D,SPG1_STRSG_Wu_2016,random,-0.111901538
zero_shot,ESM2_35M_UR50D,PHOT_CHLRE_Chen_2023,random,0.6343770676048501
zero_shot,ESM2_35M_UR50D,DLG4_RAT_McLaughlin_2012,random,0.46906564316148214
zero_shot,ESM2_35M_UR50D,GRB2_HUMAN_Faure_2021,random,0.5952310488870961
zero_shot,ESM2_35M_UR50D,MLAC_ECOLI_MacRae_2023,random,0.21805226705683708
zero_shot,ESM2_35M_UR50D,SRC_HUMAN_Ahler_2019,random,0.45337547027107744
zero_shot,ESM2_35M_UR50D,YAP1_HUMAN_Araya_2012,random,0.3293945522395755
zero_shot,ESM2_35M_UR50D,TPMT_HUMAN_Matreyek_2018,random,0.3960899041943038
zero_shot,ESM2_35M_UR50D,MSH2_HUMAN_Jia_2020,random,0.33007000922875407
zero_shot,ESM2_35M_UR50D,SPG1_STRSG_Olson_2014,random,
zero_shot,ESM2_35M_UR50D,HXK4_HUMAN_Gersing_2023_abundance,random,0.20846021251208027
zero_shot,ESM2_35M_UR50D,NRAM_I33A0_Jiang_2016,random,-0.056813795
zero_shot,ESM2_35M_UR50D,C6KNH7_9INFA_Lee_2018,random,0.058118732955771725
zero_shot,ESM2_35M_UR50D,GAL4_YEAST_Kitzman_2015,random,0.3981843803519008
zero_shot,ESM2_35M_UR50D,RL40A_YEAST_Roscoe_2013,random,0.35697075939583733
zero_shot,ESM2_35M_UR50D,I6TAH8_I68A0_Doud_2015,random,-0.008809739
zero_shot,ESM2_35M_UR50D,S22A1_HUMAN_Yee_2023_activity,random,0.44003033017732823
zero_shot,ESM2_35M_UR50D,MTHR_HUMAN_Weile_2021,random,0.34171234373940396
zero_shot,ESM2_35M_UR50D,CP2C9_HUMAN_Amorosi_2021_abundance,random,0.586623854
zero_shot,ESM2_35M_UR50D,TRPC_THEMA_Chan_2017,random,0.493972173
zero_shot,ESM2_35M_UR50D,REV_HV1H2_Fernandes_2016,random,0.038339078366786815
zero_shot,ESM2_35M_UR50D,SCN5A_HUMAN_Glazer_2019,random,
zero_shot,ESM2_35M_UR50D,ENVZ_ECOLI_Ghose_2023,random,0.21824121305164995
zero_shot,ESM2_35M_UR50D,VKOR1_HUMAN_Chiasson_2020_abundance,random,0.3158651651497909
zero_shot,ESM2_35M_UR50D,KCNE1_HUMAN_Muhammad_2023_expression,random,0.04276108
zero_shot,ESM2_35M_UR50D,CD19_HUMAN_Klesmith_2019_FMC_singles,random,0.14213212145108156
zero_shot,ESM2_35M_UR50D,SYUA_HUMAN_Newberry_2020,random,0.14157937329669082
zero_shot,ESM2_35M_UR50D,Q53Z42_HUMAN_McShan_2019_binding-TAPBPR,random,0.081090319
zero_shot,ESM2_35M_UR50D,Q8WTC7_9CNID_Somermeyer_2022,random,-0.032119684
zero_shot,ESM2_35M_UR50D,A0A140D2T1_ZIKV_Sourisseau_2019,random,
zero_shot,ESM2_35M_UR50D,A0A192B1T2_9HIV1_Haddox_2018,random,0.10062348020336062
zero_shot,ESM2_35M_UR50D,A4D664_9INFA_Soh_2019,random,0.083854394
zero_shot,ESM2_35M_UR50D,ANCSZ_Hobbs_2022,random,0.5875433094779295
zero_shot,ESM2_35M_UR50D,BRCA2_HUMAN_Erwood_2022_HEK293T,random,
zero_shot,ESM2_35M_UR50D,ENV_HV1B9_DuenasDecamp_2016,random,0.099974325
zero_shot,ESM2_35M_UR50D,ENV_HV1BR_Haddox_2016,random,0.048328571
zero_shot,ESM2_35M_UR50D,PA_I34A1_Wu_2015,random,0.050493487
zero_shot,ESM2_35M_UR50D,POLG_CXB3N_Mattenberger_2021,random,
zero_shot,ESM2_35M_UR50D,POLG_DEN26_Suphatrakul_2023,random,0.045501821753466835
zero_shot,ESM2_35M_UR50D,POLG_HCVJF_Qi_2014,random,
zero_shot,ESM2_35M_UR50D,Q2N0S5_9HIV1_Haddox_2018,random,0.072841498
zero_shot,ESM2_35M_UR50D,Q837P4_ENTFA_Meier_2023,random,
zero_shot,ESM2_35M_UR50D,Q837P5_ENTFA_Meier_2023,random,0.19585532129993302
zero_shot,ESM2_35M_UR50D,RDRP_I33A0_Li_2023,random,0.021277714106624896
zero_shot,ESM2_35M_UR50D,TPOR_HUMAN_Bridgford_2020,random,0.2893604845328349
zero_shot,ESM2_35M_UR50D,PR40A_HUMAN_Tsuboyama_2023_1UZC,random,0.4566969907915108
zero_shot,ESM2_35M_UR50D,ODP2_GEOSE_Tsuboyama_2023_1W4G,random,0.030824817
zero_shot,ESM2_35M_UR50D,RS15_GEOSE_Tsuboyama_2023_1A32,random,0.35490027627959425
zero_shot,ESM2_35M_UR50D,VG08_BPP22_Tsuboyama_2023_2GP8,random,0.5046197474963932
zero_shot,ESM2_35M_UR50D,VILI_CHICK_Tsuboyama_2023_1YU5,random,0.3113480630731128
zero_shot,ESM2_35M_UR50D,AMFR_HUMAN_Tsuboyama_2023_4G3O,random,0.2776707029458887
zero_shot,ESM2_35M_UR50D,RBP1_HUMAN_Tsuboyama_2023_2KWH,random,0.12369086401692159
zero_shot,ESM2_35M_UR50D,FKBP3_HUMAN_Tsuboyama_2023_2KFV,random,0.2045802217944364
zero_shot,ESM2_35M_UR50D,FECA_ECOLI_Tsuboyama_2023_2D1U,random,0.36351273715124405
zero_shot,ESM2_35M_UR50D,NUSA_ECOLI_Tsuboyama_2023_1WCL,random,0.2984713345128475
zero_shot,ESM2_35M_UR50D,ISDH_STAAW_Tsuboyama_2023_2LHR,random,0.3299050834249196
zero_shot,ESM2_35M_UR50D,TCRG1_MOUSE_Tsuboyama_2023_1E0L,random,0.6210663751592517
zero_shot,ESM2_35M_UR50D,SAV1_MOUSE_Tsuboyama_2023_2YSB,random,0.52658189
zero_shot,ESM2_35M_UR50D,POLG_PESV_Tsuboyama_2023_2MXD,random,0.4762923104153153
zero_shot,ESM2_35M_UR50D,SR43C_ARATH_Tsuboyama_2023_2N88,random,0.5904357870339086
zero_shot,ESM2_35M_UR50D,MAFG_MOUSE_Tsuboyama_2023_1K1V,random,0.4241820775958648
zero_shot,ESM2_35M_UR50D,NUSG_MYCTU_Tsuboyama_2023_2MI6,random,0.5262117917718157
zero_shot,ESM2_35M_UR50D,UBR5_HUMAN_Tsuboyama_2023_1I2T,random,0.23140590122100596
zero_shot,ESM2_35M_UR50D,BBC1_YEAST_Tsuboyama_2023_1TG0,random,0.45596127252026564
zero_shot,ESM2_35M_UR50D,CBPA2_HUMAN_Tsuboyama_2023_1O6X,random,0.12404521782811666
zero_shot,ESM2_35M_UR50D,TNKS2_HUMAN_Tsuboyama_2023_5JRT,random,0.4711969641436273
zero_shot,ESM2_35M_UR50D,DOCK1_MOUSE_Tsuboyama_2023_2M0Y,random,0.37298606356531966
zero_shot,ESM2_35M_UR50D,ILF3_HUMAN_Tsuboyama_2023_2L33,random,0.2702867751663147
zero_shot,ESM2_35M_UR50D,RCRO_LAMBD_Tsuboyama_2023_1ORC,random,0.093304493
zero_shot,ESM2_35M_UR50D,CSN4_MOUSE_Tsuboyama_2023_1UFM,random,0.5958867520896015
zero_shot,ESM2_35M_UR50D,RD23A_HUMAN_Tsuboyama_2023_1IFY,random,0.6116850644913776
zero_shot,ESM2_35M_UR50D,UBE4B_HUMAN_Tsuboyama_2023_3L1X,random,0.3786032632289944
zero_shot,ESM2_35M_UR50D,DNJA1_HUMAN_Tsuboyama_2023_2LO1,random,0.7321288549031303
zero_shot,ESM2_35M_UR50D,DN7A_SACS2_Tsuboyama_2023_1JIC,random,0.004644057
zero_shot,ESM2_35M_UR50D,PIN1_HUMAN_Tsuboyama_2023_1I6C,random,0.5722718567269497
zero_shot,ESM2_35M_UR50D,VRPI_BPT7_Tsuboyama_2023_2WNM,random,0.38084492111320817
zero_shot,ESM2_35M_UR50D,HECD1_HUMAN_Tsuboyama_2023_3DKM,random,0.19587914189449535
zero_shot,ESM2_35M_UR50D,SPTN1_CHICK_Tsuboyama_2023_1TUD,random,0.3986161954487823
zero_shot,ESM2_35M_UR50D,RPC1_BP434_Tsuboyama_2023_1R69,random,0.7665412896962995
zero_shot,ESM2_35M_UR50D,YNZC_BACSU_Tsuboyama_2023_2JVD,random,0.4309021261117394
zero_shot,ESM2_35M_UR50D,OBSCN_HUMAN_Tsuboyama_2023_1V1C,random,0.6462032109583342
zero_shot,ESM2_35M_UR50D,HCP_LAMBD_Tsuboyama_2023_2L6Q,random,0.2845213464936209
zero_shot,ESM2_35M_UR50D,THO1_YEAST_Tsuboyama_2023_2WQG,random,0.47276414353280244
zero_shot,ESM2_35M_UR50D,SDA_BACSU_Tsuboyama_2023_1PV0,random,0.16172472948677583
zero_shot,ESM2_35M_UR50D,CBX4_HUMAN_Tsuboyama_2023_2K28,random,0.6946763070530712
zero_shot,ESM2_35M_UR50D,SRBS1_HUMAN_Tsuboyama_2023_2O2W,random,0.6350993621038372
zero_shot,ESM2_35M_UR50D,MYO3_YEAST_Tsuboyama_2023_2BTT,random,0.39233522155825723
zero_shot,ESM2_35M_UR50D,BCHB_CHLTE_Tsuboyama_2023_2KRU,random,0.14074594406028046
zero_shot,ESM2_35M_UR50D,RCD1_ARATH_Tsuboyama_2023_5OAO,random,0.45037114113136534
zero_shot,ESM2_35M_UR50D,SOX30_HUMAN_Tsuboyama_2023_7JJK,random,0.33346029053149856
zero_shot,ESM2_35M_UR50D,NKX31_HUMAN_Tsuboyama_2023_2L9R,random,0.552527944
zero_shot,ESM2_35M_UR50D,CUE1_YEAST_Tsuboyama_2023_2MYX,random,0.36890202732606936
zero_shot,ESM2_35M_UR50D,OTU7A_HUMAN_Tsuboyama_2023_2L2D,random,0.4391929525097746
zero_shot,ESM2_35M_UR50D,PITX2_HUMAN_Tsuboyama_2023_2L7M,random,0.6385365338920078
zero_shot,ESM2_35M_UR50D,PKN1_HUMAN_Tsuboyama_2023_1URF,random,0.19634601692968703
zero_shot,ESM2_35M_UR50D,SQSTM_MOUSE_Tsuboyama_2023_2RRU,random,0.24494266058862094
zero_shot,ESM2_35M_UR50D,EPHB2_HUMAN_Tsuboyama_2023_1F0M,random,0.665034359
zero_shot,ESM2_35M_UR50D,SCIN_STAAR_Tsuboyama_2023_2QFF,random,0.25193707177188085
zero_shot,ESM2_35M_UR50D,MBD11_ARATH_Tsuboyama_2023_6ACV,random,0.095333467
zero_shot,ESM2_35M_UR50D,PSAE_PICP2_Tsuboyama_2023_1PSE,random,0.545262088
zero_shot,ESM2_35M_UR50D,SPG2_STRSG_Tsuboyama_2023_5UBS,random,0.21806917364939463
zero_shot,ESM2_35M_UR50D,ARGR_ECOLI_Tsuboyama_2023_1AOY,random,0.26086391351115135
zero_shot,ESM2_35M_UR50D,RAD_ANTMA_Tsuboyama_2023_2CJJ,random,0.6593349016899379
zero_shot,ESM2_35M_UR50D,RL20_AQUAE_Tsuboyama_2023_1GYZ,random,0.2566742109259162
zero_shot,ESM2_35M_UR50D,SBI_STAAM_Tsuboyama_2023_2JVG,random,0.16082339359577805
zero_shot,ESM2_35M_UR50D,RFAH_ECOLI_Tsuboyama_2023_2LCL,random,0.13805269772522957
zero_shot,ESM2_35M_UR50D,YAIA_ECOLI_Tsuboyama_2023_2KVT,random,0.020829830453155583
zero_shot,ESM2_3B_UR50D,ERBB2_HUMAN_Elazar_2016,random,
zero_shot,ESM2_3B_UR50D,A0A2Z5U3Z0_9INFA_Doud_2016,random,0.4679275954969095
zero_shot,ESM2_3B_UR50D,AICDA_HUMAN_Gajula_2014_3cycles,random,0.2992943753416066
zero_shot,ESM2_3B_UR50D,A0A1I9GEU1_NEIME_Kennouche_2019,random,0.044170686
zero_shot,ESM2_3B_UR50D,CASP7_HUMAN_Roychowdhury_2020,random,0.5713105613851397
zero_shot,ESM2_3B_UR50D,HSP82_YEAST_Cote-Hammarlof_2020_growth-H2O2,random,0.27522079281694817
zero_shot,ESM2_3B_UR50D,OXDA_RHOTO_Vanella_2023_activity,random,0.3457101182708698
zero_shot,ESM2_3B_UR50D,KKA2_KLEPN_Melnikov_2014,random,0.5903427308151141
zero_shot,ESM2_3B_UR50D,BLAT_ECOLX_Stiffler_2015,random,0.6157577827699144
zero_shot,ESM2_3B_UR50D,RASK_HUMAN_Weng_2022_abundance,random,0.2853499715409972
zero_shot,ESM2_3B_UR50D,LYAM1_HUMAN_Elazar_2016,random,0.38896144816720485
zero_shot,ESM2_3B_UR50D,NPC1_HUMAN_Erwood_2022_RPE1,random,
zero_shot,ESM2_3B_UR50D,NUD15_HUMAN_Suiter_2020,random,0.5791748865902703
zero_shot,ESM2_3B_UR50D,HXK4_HUMAN_Gersing_2022_activity,random,0.46206114174257495
zero_shot,ESM2_3B_UR50D,F7YBW8_MESOW_Ding_2023,random,0.34505276179239763
zero_shot,ESM2_3B_UR50D,RPC1_LAMBD_Li_2019_low-expression,random,0.4987137862137862
zero_shot,ESM2_3B_UR50D,AMIE_PSEAE_Wrenbeck_2017,random,0.6349996345364919
zero_shot,ESM2_3B_UR50D,S22A1_HUMAN_Yee_2023_abundance,random,0.5921796580372096
zero_shot,ESM2_3B_UR50D,GLPA_HUMAN_Elazar_2016,random,0.35629095300655256
zero_shot,ESM2_3B_UR50D,BLAT_ECOLX_Jacquier_2013,random,0.6233768526595791
zero_shot,ESM2_3B_UR50D,DYR_ECOLI_Nguyen_2023,random,0.5184478499886902
zero_shot,ESM2_3B_UR50D,RPC1_LAMBD_Li_2019_high-expression,random,0.4693620268620269
zero_shot,ESM2_3B_UR50D,TPK1_HUMAN_Weile_2017,random,0.33048277375116286
zero_shot,ESM2_3B_UR50D,CAR11_HUMAN_Meitlis_2020_lof,random,
zero_shot,ESM2_3B_UR50D,MK01_HUMAN_Brenan_2016,random,0.16721754429329097
zero_shot,ESM2_3B_UR50D,A0A247D711_LISMN_Stadelmann_2021,random,0.023311462
zero_shot,ESM2_3B_UR50D,CALM1_HUMAN_Weile_2017,random,0.23139907245849434
zero_shot,ESM2_3B_UR50D,CAPSD_AAV2S_Sinai_2021,random,0.11876483155917912
zero_shot,ESM2_3B_UR50D,CAR11_HUMAN_Meitlis_2020_gof,random,
zero_shot,ESM2_3B_UR50D,KCNE1_HUMAN_Muhammad_2023_function,random,0.4818648874438607
zero_shot,ESM2_3B_UR50D,F7YBW8_MESOW_Aakre_2015,random,0.17476940120792048
zero_shot,ESM2_3B_UR50D,HSP82_YEAST_Flynn_2019,random,0.3174749466578648
zero_shot,ESM2_3B_UR50D,RAF1_HUMAN_Zinkus-Boltz_2019,random,0.43668715488191795
zero_shot,ESM2_3B_UR50D,SC6A4_HUMAN_Young_2021,random,0.525365531
zero_shot,ESM2_3B_UR50D,SRC_HUMAN_Chakraborty_2023_binding-DAS_25uM,random,0.41195166518000725
zero_shot,ESM2_3B_UR50D,KCNJ2_MOUSE_Coyote-Maestas_2022_function,random,0.35220635383947274
zero_shot,ESM2_3B_UR50D,LGK_LIPST_Klesmith_2015,random,0.536301291
zero_shot,ESM2_3B_UR50D,D7PM05_CLYGR_Somermeyer_2022,random,0.2290394048024223
zero_shot,ESM2_3B_UR50D,SHOC2_HUMAN_Kwon_2022,random,0.3959994446469492
zero_shot,ESM2_3B_UR50D,SUMO1_HUMAN_Weile_2017,random,0.3979588149244579
zero_shot,ESM2_3B_UR50D,AACC1_PSEAI_Dandage_2018,random,0.46776709452725573
zero_shot,ESM2_3B_UR50D,CBS_HUMAN_Sun_2020,random,0.31153533074068834
zero_shot,ESM2_3B_UR50D,HSP82_YEAST_Mishra_2016,random,0.42987139593305307
zero_shot,ESM2_3B_UR50D,A4_HUMAN_Seuma_2022,random,0.4153970450250639
zero_shot,ESM2_3B_UR50D,B2L11_HUMAN_Dutta_2010_binding-Mcl-1,random,0.29097159885442814
zero_shot,ESM2_3B_UR50D,P53_HUMAN_Giacomelli_2018_Null_Nutlin,random,0.37533507168348773
zero_shot,ESM2_3B_UR50D,P53_HUMAN_Giacomelli_2018_Null_Etoposide,random,0.4080183396744122
zero_shot,ESM2_3B_UR50D,RASK_HUMAN_Weng_2022_binding-DARPin_K55,random,0.619493065
zero_shot,ESM2_3B_UR50D,OPSD_HUMAN_Wan_2019,random,0.46485721155130505
zero_shot,ESM2_3B_UR50D,PTEN_HUMAN_Mighell_2018,random,0.3836591667558649
zero_shot,ESM2_3B_UR50D,CASP3_HUMAN_Roychowdhury_2020,random,0.5731655004203268
zero_shot,ESM2_3B_UR50D,ADRB2_HUMAN_Jones_2020,random,0.48669606695020917
zero_shot,ESM2_3B_UR50D,SPIKE_SARS2_Starr_2020_binding,random,
zero_shot,ESM2_3B_UR50D,SRC_HUMAN_Nguyen_2022,random,0.4308485196280478
zero_shot,ESM2_3B_UR50D,P53_HUMAN_Giacomelli_2018_WT_Nutlin,random,0.35675604799546273
zero_shot,ESM2_3B_UR50D,Q59976_STRSQ_Romero_2015,random,0.5205669781461215
zero_shot,ESM2_3B_UR50D,RL40A_YEAST_Roscoe_2014,random,0.4197560746138809
zero_shot,ESM2_3B_UR50D,SPIKE_SARS2_Starr_2020_expression,random,
zero_shot,ESM2_3B_UR50D,CAS9_STRP1_Spencer_2017_positive,random,
zero_shot,ESM2_3B_UR50D,MET_HUMAN_Estevam_2023,random,0.5465617961589908
zero_shot,ESM2_3B_UR50D,CP2C9_HUMAN_Amorosi_2021_activity,random,0.6445920367896987
zero_shot,ESM2_3B_UR50D,CCDB_ECOLI_Adkar_2012,random,0.394495055
zero_shot,ESM2_3B_UR50D,DYR_ECOLI_Thompson_2019,random,0.4972954978543611
zero_shot,ESM2_3B_UR50D,KCNJ2_MOUSE_Coyote-Maestas_2022_surface,random,0.3453888501372196
zero_shot,ESM2_3B_UR50D,UBC9_HUMAN_Weile_2017,random,0.49534800479023955
zero_shot,ESM2_3B_UR50D,PPM1D_HUMAN_Miller_2022,random,0.6080521980194926
zero_shot,ESM2_3B_UR50D,NPC1_HUMAN_Erwood_2022_HEK293T,random,
zero_shot,ESM2_3B_UR50D,BLAT_ECOLX_Deng_2012,random,0.463461014
zero_shot,ESM2_3B_UR50D,VKOR1_HUMAN_Chiasson_2020_activity,random,0.42541704803746677
zero_shot,ESM2_3B_UR50D,PRKN_HUMAN_Clausen_2023,random,0.637067916
zero_shot,ESM2_3B_UR50D,RASH_HUMAN_Bandaru_2017,random,0.44147168735841574
zero_shot,ESM2_3B_UR50D,DLG4_HUMAN_Faure_2021,random,0.5682735454059864
zero_shot,ESM2_3B_UR50D,HEM3_HUMAN_Loggerenberg_2023,random,0.4173728142712404
zero_shot,ESM2_3B_UR50D,TADBP_HUMAN_Bolognesi_2019,random,-0.027360996
zero_shot,ESM2_3B_UR50D,MTH3_HAEAE_RockahShmuel_2015,random,0.561465017
zero_shot,ESM2_3B_UR50D,PTEN_HUMAN_Matreyek_2021,random,0.36150661496983466
zero_shot,ESM2_3B_UR50D,CCDB_ECOLI_Tripathi_2016,random,0.5001982351881374
zero_shot,ESM2_3B_UR50D,ESTA_BACSU_Nutschel_2020,random,0.24190111069017592
zero_shot,ESM2_3B_UR50D,PAI1_HUMAN_Huttinger_2021,random,0.3465374638794508
zero_shot,ESM2_3B_UR50D,UBE4B_MOUSE_Starita_2013,random,
zero_shot,ESM2_3B_UR50D,A0A2Z5U3Z0_9INFA_Wu_2014,random,0.4712848159025267
zero_shot,ESM2_3B_UR50D,HIS7_YEAST_Pokusaeva_2019,random,
zero_shot,ESM2_3B_UR50D,PPARG_HUMAN_Majithia_2016,random,0.6620349405496276
zero_shot,ESM2_3B_UR50D,OXDA_RHOTO_Vanella_2023_expression,random,0.3559455305545362
zero_shot,ESM2_3B_UR50D,P53_HUMAN_Kotler_2018,random,0.6444818950612496
zero_shot,ESM2_3B_UR50D,R1AB_SARS2_Flynn_2022,random,0.4579820135316242
zero_shot,ESM2_3B_UR50D,ACE2_HUMAN_Chan_2020,random,0.18590437685974526
zero_shot,ESM2_3B_UR50D,BLAT_ECOLX_Firnberg_2014,random,0.6045739036851671
zero_shot,ESM2_3B_UR50D,P84126_THETH_Chan_2017,random,0.56846181
zero_shot,ESM2_3B_UR50D,Q6WV12_9MAXI_Somermeyer_2022,random,-0.07780452
zero_shot,ESM2_3B_UR50D,SERC_HUMAN_Xie_2023,random,0.5693896664305355
zero_shot,ESM2_3B_UR50D,NCAP_I34A1_Doud_2015,random,0.049670677699984345
zero_shot,ESM2_3B_UR50D,TRPC_SACS2_Chan_2017,random,0.582384376
zero_shot,ESM2_3B_UR50D,PABP_YEAST_Melamed_2013,random,0.6473412535043727
zero_shot,ESM2_3B_UR50D,GFP_AEQVI_Sarkisyan_2016,random,0.20003344298796896
zero_shot,ESM2_3B_UR50D,CCR5_HUMAN_Gill_2023,random,0.34094172594601174
zero_shot,ESM2_3B_UR50D,GDIA_HUMAN_Silverstein_2021,random,0.39323791236794825
zero_shot,ESM2_3B_UR50D,RL40A_YEAST_Mavor_2016,random,0.44784412374505833
zero_shot,ESM2_3B_UR50D,OTC_HUMAN_Lo_2023,random,0.5431195257366417
zero_shot,ESM2_3B_UR50D,TAT_HV1BR_Fernandes_2016,random,-0.045155001
zero_shot,ESM2_3B_UR50D,IF1_ECOLI_Kelsic_2016,random,0.5399126260580903
zero_shot,ESM2_3B_UR50D,RNC_ECOLI_Weeks_2023,random,0.586902814
zero_shot,ESM2_3B_UR50D,HMDH_HUMAN_Jiang_2019,random,
zero_shot,ESM2_3B_UR50D,KCNH2_HUMAN_Kozek_2020,random,
zero_shot,ESM2_3B_UR50D,A4GRB6_PSEAI_Chen_2020,random,0.6688440406987948
zero_shot,ESM2_3B_UR50D,BRCA1_HUMAN_Findlay_2018,random,
zero_shot,ESM2_3B_UR50D,Q53Z42_HUMAN_McShan_2019_expression,random,0.5297397880228281
zero_shot,ESM2_3B_UR50D,GCN4_YEAST_Staller_2018,random,0.2815180455808185
zero_shot,ESM2_3B_UR50D,SPG1_STRSG_Wu_2016,random,0.053497588551910925
zero_shot,ESM2_3B_UR50D,PHOT_CHLRE_Chen_2023,random,0.3543815242511179
zero_shot,ESM2_3B_UR50D,DLG4_RAT_McLaughlin_2012,random,0.47209671213382587
zero_shot,ESM2_3B_UR50D,GRB2_HUMAN_Faure_2021,random,0.5690163101283986
zero_shot,ESM2_3B_UR50D,MLAC_ECOLI_MacRae_2023,random,0.34745517742101695
zero_shot,ESM2_3B_UR50D,SRC_HUMAN_Ahler_2019,random,0.5052328551073356
zero_shot,ESM2_3B_UR50D,YAP1_HUMAN_Araya_2012,random,0.29281195883068595
zero_shot,ESM2_3B_UR50D,TPMT_HUMAN_Matreyek_2018,random,0.48768791326766114
zero_shot,ESM2_3B_UR50D,MSH2_HUMAN_Jia_2020,random,
zero_shot,ESM2_3B_UR50D,SPG1_STRSG_Olson_2014,random,
zero_shot,ESM2_3B_UR50D,HXK4_HUMAN_Gersing_2023_abundance,random,0.38208255431394694
zero_shot,ESM2_3B_UR50D,NRAM_I33A0_Jiang_2016,random,0.5444172596200608
zero_shot,ESM2_3B_UR50D,C6KNH7_9INFA_Lee_2018,random,0.4030122805211376
zero_shot,ESM2_3B_UR50D,GAL4_YEAST_Kitzman_2015,random,0.6012248543389813
zero_shot,ESM2_3B_UR50D,RL40A_YEAST_Roscoe_2013,random,0.4870208476630871
zero_shot,ESM2_3B_UR50D,I6TAH8_I68A0_Doud_2015,random,0.021584214844802146
zero_shot,ESM2_3B_UR50D,S22A1_HUMAN_Yee_2023_activity,random,0.5260536491922865
zero_shot,ESM2_3B_UR50D,MTHR_HUMAN_Weile_2021,random,0.3035562329033374
zero_shot,ESM2_3B_UR50D,CP2C9_HUMAN_Amorosi_2021_abundance,random,0.6164843184487413
zero_shot,ESM2_3B_UR50D,TRPC_THEMA_Chan_2017,random,0.4484804
zero_shot,ESM2_3B_UR50D,REV_HV1H2_Fernandes_2016,random,0.2434810213112302
zero_shot,ESM2_3B_UR50D,SCN5A_HUMAN_Glazer_2019,random,
zero_shot,ESM2_3B_UR50D,ENVZ_ECOLI_Ghose_2023,random,0.15996607701680857
zero_shot,ESM2_3B_UR50D,VKOR1_HUMAN_Chiasson_2020_abundance,random,0.5002081861037682
zero_shot,ESM2_3B_UR50D,KCNE1_HUMAN_Muhammad_2023_expression,random,0.084154497
zero_shot,ESM2_3B_UR50D,CD19_HUMAN_Klesmith_2019_FMC_singles,random,0.11604010451337081
zero_shot,ESM2_3B_UR50D,SYUA_HUMAN_Newberry_2020,random,0.2195197179276954
zero_shot,ESM2_3B_UR50D,Q53Z42_HUMAN_McShan_2019_binding-TAPBPR,random,0.2624140400289779
zero_shot,ESM2_3B_UR50D,Q8WTC7_9CNID_Somermeyer_2022,random,0.024886885918867178
zero_shot,ESM2_3B_UR50D,A0A140D2T1_ZIKV_Sourisseau_2019,random,
zero_shot,ESM2_3B_UR50D,A0A192B1T2_9HIV1_Haddox_2018,random,
zero_shot,ESM2_3B_UR50D,A4D664_9INFA_Soh_2019,random,0.21622973487521513
zero_shot,ESM2_3B_UR50D,ANCSZ_Hobbs_2022,random,
zero_shot,ESM2_3B_UR50D,BRCA2_HUMAN_Erwood_2022_HEK293T,random,
zero_shot,ESM2_3B_UR50D,ENV_HV1B9_DuenasDecamp_2016,random,0.20087860669571764
zero_shot,ESM2_3B_UR50D,ENV_HV1BR_Haddox_2016,random,0.12883195414416754
zero_shot,ESM2_3B_UR50D,PA_I34A1_Wu_2015,random,
zero_shot,ESM2_3B_UR50D,POLG_CXB3N_Mattenberger_2021,random,
zero_shot,ESM2_3B_UR50D,POLG_DEN26_Suphatrakul_2023,random,
zero_shot,ESM2_3B_UR50D,POLG_HCVJF_Qi_2014,random,
zero_shot,ESM2_3B_UR50D,Q2N0S5_9HIV1_Haddox_2018,random,
zero_shot,ESM2_3B_UR50D,Q837P4_ENTFA_Meier_2023,random,
zero_shot,ESM2_3B_UR50D,Q837P5_ENTFA_Meier_2023,random,
zero_shot,ESM2_3B_UR50D,RDRP_I33A0_Li_2023,random,
zero_shot,ESM2_3B_UR50D,TPOR_HUMAN_Bridgford_2020,random,
zero_shot,ESM2_3B_UR50D,PR40A_HUMAN_Tsuboyama_2023_1UZC,random,0.6134289267920633
zero_shot,ESM2_3B_UR50D,ODP2_GEOSE_Tsuboyama_2023_1W4G,random,
zero_shot,ESM2_3B_UR50D,RS15_GEOSE_Tsuboyama_2023_1A32,random,
zero_shot,ESM2_3B_UR50D,VG08_BPP22_Tsuboyama_2023_2GP8,random,0.5258249714663215
zero_shot,ESM2_3B_UR50D,VILI_CHICK_Tsuboyama_2023_1YU5,random,
zero_shot,ESM2_3B_UR50D,AMFR_HUMAN_Tsuboyama_2023_4G3O,random,
zero_shot,ESM2_3B_UR50D,RBP1_HUMAN_Tsuboyama_2023_2KWH,random,
zero_shot,ESM2_3B_UR50D,FKBP3_HUMAN_Tsuboyama_2023_2KFV,random,
zero_shot,ESM2_3B_UR50D,FECA_ECOLI_Tsuboyama_2023_2D1U,random,
zero_shot,ESM2_3B_UR50D,NUSA_ECOLI_Tsuboyama_2023_1WCL,random,
zero_shot,ESM2_3B_UR50D,ISDH_STAAW_Tsuboyama_2023_2LHR,random,
zero_shot,ESM2_3B_UR50D,TCRG1_MOUSE_Tsuboyama_2023_1E0L,random,
zero_shot,ESM2_3B_UR50D,SAV1_MOUSE_Tsuboyama_2023_2YSB,random,0.5569975395265382
zero_shot,ESM2_3B_UR50D,POLG_PESV_Tsuboyama_2023_2MXD,random,0.4481599916350554
zero_shot,ESM2_3B_UR50D,SR43C_ARATH_Tsuboyama_2023_2N88,random,0.638480693
zero_shot,ESM2_3B_UR50D,MAFG_MOUSE_Tsuboyama_2023_1K1V,random,0.38432479081831444
zero_shot,ESM2_3B_UR50D,NUSG_MYCTU_Tsuboyama_2023_2MI6,random,
zero_shot,ESM2_3B_UR50D,UBR5_HUMAN_Tsuboyama_2023_1I2T,random,0.5254606025112775
zero_shot,ESM2_3B_UR50D,BBC1_YEAST_Tsuboyama_2023_1TG0,random,
zero_shot,ESM2_3B_UR50D,CBPA2_HUMAN_Tsuboyama_2023_1O6X,random,
zero_shot,ESM2_3B_UR50D,TNKS2_HUMAN_Tsuboyama_2023_5JRT,random,
zero_shot,ESM2_3B_UR50D,DOCK1_MOUSE_Tsuboyama_2023_2M0Y,random,
zero_shot,ESM2_3B_UR50D,ILF3_HUMAN_Tsuboyama_2023_2L33,random,0.2865366062086054
zero_shot,ESM2_3B_UR50D,RCRO_LAMBD_Tsuboyama_2023_1ORC,random,
zero_shot,ESM2_3B_UR50D,CSN4_MOUSE_Tsuboyama_2023_1UFM,random,0.5183937397709283
zero_shot,ESM2_3B_UR50D,RD23A_HUMAN_Tsuboyama_2023_1IFY,random,0.4720605098168502
zero_shot,ESM2_3B_UR50D,UBE4B_HUMAN_Tsuboyama_2023_3L1X,random,
zero_shot,ESM2_3B_UR50D,DNJA1_HUMAN_Tsuboyama_2023_2LO1,random,
zero_shot,ESM2_3B_UR50D,DN7A_SACS2_Tsuboyama_2023_1JIC,random,
zero_shot,ESM2_3B_UR50D,PIN1_HUMAN_Tsuboyama_2023_1I6C,random,0.5150278044842466
zero_shot,ESM2_3B_UR50D,VRPI_BPT7_Tsuboyama_2023_2WNM,random,0.5507379813765501
zero_shot,ESM2_3B_UR50D,HECD1_HUMAN_Tsuboyama_2023_3DKM,random,
zero_shot,ESM2_3B_UR50D,SPTN1_CHICK_Tsuboyama_2023_1TUD,random,
zero_shot,ESM2_3B_UR50D,RPC1_BP434_Tsuboyama_2023_1R69,random,
zero_shot,ESM2_3B_UR50D,YNZC_BACSU_Tsuboyama_2023_2JVD,random,
zero_shot,ESM2_3B_UR50D,OBSCN_HUMAN_Tsuboyama_2023_1V1C,random,0.7270835401584006
zero_shot,ESM2_3B_UR50D,HCP_LAMBD_Tsuboyama_2023_2L6Q,random,
zero_shot,ESM2_3B_UR50D,THO1_YEAST_Tsuboyama_2023_2WQG,random,
zero_shot,ESM2_3B_UR50D,SDA_BACSU_Tsuboyama_2023_1PV0,random,0.6016837957326764
zero_shot,ESM2_3B_UR50D,CBX4_HUMAN_Tsuboyama_2023_2K28,random,
zero_shot,ESM2_3B_UR50D,SRBS1_HUMAN_Tsuboyama_2023_2O2W,random,
zero_shot,ESM2_3B_UR50D,MYO3_YEAST_Tsuboyama_2023_2BTT,random,
zero_shot,ESM2_3B_UR50D,BCHB_CHLTE_Tsuboyama_2023_2KRU,random,0.37971199158501145
zero_shot,ESM2_3B_UR50D,RCD1_ARATH_Tsuboyama_2023_5OAO,random,
zero_shot,ESM2_3B_UR50D,SOX30_HUMAN_Tsuboyama_2023_7JJK,random,
zero_shot,ESM2_3B_UR50D,NKX31_HUMAN_Tsuboyama_2023_2L9R,random,
zero_shot,ESM2_3B_UR50D,CUE1_YEAST_Tsuboyama_2023_2MYX,random,0.47799479121987715
zero_shot,ESM2_3B_UR50D,OTU7A_HUMAN_Tsuboyama_2023_2L2D,random,0.3108339539219403
zero_shot,ESM2_3B_UR50D,PITX2_HUMAN_Tsuboyama_2023_2L7M,random,
zero_shot,ESM2_3B_UR50D,PKN1_HUMAN_Tsuboyama_2023_1URF,random,0.25899439282792036
zero_shot,ESM2_3B_UR50D,SQSTM_MOUSE_Tsuboyama_2023_2RRU,random,0.6154295686652534
zero_shot,ESM2_3B_UR50D,EPHB2_HUMAN_Tsuboyama_2023_1F0M,random,0.7539595968352861
zero_shot,ESM2_3B_UR50D,SCIN_STAAR_Tsuboyama_2023_2QFF,random,0.3046780663860253
zero_shot,ESM2_3B_UR50D,MBD11_ARATH_Tsuboyama_2023_6ACV,random,0.33835478635477567
zero_shot,ESM2_3B_UR50D,PSAE_PICP2_Tsuboyama_2023_1PSE,random,
zero_shot,ESM2_3B_UR50D,SPG2_STRSG_Tsuboyama_2023_5UBS,random,
zero_shot,ESM2_3B_UR50D,ARGR_ECOLI_Tsuboyama_2023_1AOY,random,
zero_shot,ESM2_3B_UR50D,RAD_ANTMA_Tsuboyama_2023_2CJJ,random,
zero_shot,ESM2_3B_UR50D,RL20_AQUAE_Tsuboyama_2023_1GYZ,random,
zero_shot,ESM2_3B_UR50D,SBI_STAAM_Tsuboyama_2023_2JVG,random,
zero_shot,ESM2_3B_UR50D,RFAH_ECOLI_Tsuboyama_2023_2LCL,random,0.16937121446261333
zero_shot,ESM2_3B_UR50D,YAIA_ECOLI_Tsuboyama_2023_2KVT,random,0.5192730375657185
zero_shot,ESM2_650M_UR50D,ERBB2_HUMAN_Elazar_2016,random,
zero_shot,ESM2_650M_UR50D,A0A2Z5U3Z0_9INFA_Doud_2016,random,0.49349463421277057
zero_shot,ESM2_650M_UR50D,AICDA_HUMAN_Gajula_2014_3cycles,random,0.10734872641631056
zero_shot,ESM2_650M_UR50D,A0A1I9GEU1_NEIME_Kennouche_2019,random,0.069633397
zero_shot,ESM2_650M_UR50D,CASP7_HUMAN_Roychowdhury_2020,random,0.5936237829692299
zero_shot,ESM2_650M_UR50D,HSP82_YEAST_Cote-Hammarlof_2020_growth-H2O2,random,0.23979154293658062
zero_shot,ESM2_650M_UR50D,OXDA_RHOTO_Vanella_2023_activity,random,0.34234920187476037
zero_shot,ESM2_650M_UR50D,KKA2_KLEPN_Melnikov_2014,random,0.5511317503074457
zero_shot,ESM2_650M_UR50D,BLAT_ECOLX_Stiffler_2015,random,0.6984336429556673
zero_shot,ESM2_650M_UR50D,RASK_HUMAN_Weng_2022_abundance,random,0.34292807335527165
zero_shot,ESM2_650M_UR50D,LYAM1_HUMAN_Elazar_2016,random,0.38808312896385716
zero_shot,ESM2_650M_UR50D,NPC1_HUMAN_Erwood_2022_RPE1,random,
zero_shot,ESM2_650M_UR50D,NUD15_HUMAN_Suiter_2020,random,0.5348800763320247
zero_shot,ESM2_650M_UR50D,HXK4_HUMAN_Gersing_2022_activity,random,0.48966496967117695
zero_shot,ESM2_650M_UR50D,F7YBW8_MESOW_Ding_2023,random,0.3256060624495099
zero_shot,ESM2_650M_UR50D,RPC1_LAMBD_Li_2019_low-expression,random,0.5551878676878677
zero_shot,ESM2_650M_UR50D,AMIE_PSEAE_Wrenbeck_2017,random,0.5361736622950407
zero_shot,ESM2_650M_UR50D,S22A1_HUMAN_Yee_2023_abundance,random,0.6106934463219283
zero_shot,ESM2_650M_UR50D,GLPA_HUMAN_Elazar_2016,random,0.34294608687137396
zero_shot,ESM2_650M_UR50D,BLAT_ECOLX_Jacquier_2013,random,0.6862974004295274
zero_shot,ESM2_650M_UR50D,DYR_ECOLI_Nguyen_2023,random,0.5152385307441515
zero_shot,ESM2_650M_UR50D,RPC1_LAMBD_Li_2019_high-expression,random,0.5118950493950494
zero_shot,ESM2_650M_UR50D,TPK1_HUMAN_Weile_2017,random,0.33223145212513905
zero_shot,ESM2_650M_UR50D,CAR11_HUMAN_Meitlis_2020_lof,random,
zero_shot,ESM2_650M_UR50D,MK01_HUMAN_Brenan_2016,random,0.15161127270456357
zero_shot,ESM2_650M_UR50D,A0A247D711_LISMN_Stadelmann_2021,random,0.2382708964255508
zero_shot,ESM2_650M_UR50D,CALM1_HUMAN_Weile_2017,random,0.22239824828161148
zero_shot,ESM2_650M_UR50D,CAPSD_AAV2S_Sinai_2021,random,0.23303275966423373
zero_shot,ESM2_650M_UR50D,CAR11_HUMAN_Meitlis_2020_gof,random,
zero_shot,ESM2_650M_UR50D,KCNE1_HUMAN_Muhammad_2023_function,random,0.5290653581583452
zero_shot,ESM2_650M_UR50D,F7YBW8_MESOW_Aakre_2015,random,0.19843938942823072
zero_shot,ESM2_650M_UR50D,HSP82_YEAST_Flynn_2019,random,0.25422577824146364
zero_shot,ESM2_650M_UR50D,RAF1_HUMAN_Zinkus-Boltz_2019,random,0.470538636
zero_shot,ESM2_650M_UR50D,SC6A4_HUMAN_Young_2021,random,0.5131274428293569
zero_shot,ESM2_650M_UR50D,SRC_HUMAN_Chakraborty_2023_binding-DAS_25uM,random,0.43892380433934997
zero_shot,ESM2_650M_UR50D,KCNJ2_MOUSE_Coyote-Maestas_2022_function,random,0.34143043761313724
zero_shot,ESM2_650M_UR50D,LGK_LIPST_Klesmith_2015,random,0.49334036422560185
zero_shot,ESM2_650M_UR50D,D7PM05_CLYGR_Somermeyer_2022,random,0.096904341
zero_shot,ESM2_650M_UR50D,SHOC2_HUMAN_Kwon_2022,random,0.4102495780952737
zero_shot,ESM2_650M_UR50D,SUMO1_HUMAN_Weile_2017,random,0.4829246034951813
zero_shot,ESM2_650M_UR50D,AACC1_PSEAI_Dandage_2018,random,0.44839994369901365
zero_shot,ESM2_650M_UR50D,CBS_HUMAN_Sun_2020,random,0.32883358001700913
zero_shot,ESM2_650M_UR50D,HSP82_YEAST_Mishra_2016,random,0.3947121676618377
zero_shot,ESM2_650M_UR50D,A4_HUMAN_Seuma_2022,random,0.4062680051718716
zero_shot,ESM2_650M_UR50D,B2L11_HUMAN_Dutta_2010_binding-Mcl-1,random,0.19395460457618116
zero_shot,ESM2_650M_UR50D,P53_HUMAN_Giacomelli_2018_Null_Nutlin,random,0.3372617890930523
zero_shot,ESM2_650M_UR50D,P53_HUMAN_Giacomelli_2018_Null_Etoposide,random,0.3804738772215497
zero_shot,ESM2_650M_UR50D,RASK_HUMAN_Weng_2022_binding-DARPin_K55,random,0.6694464600746167
zero_shot,ESM2_650M_UR50D,OPSD_HUMAN_Wan_2019,random,0.5107712446237279
zero_shot,ESM2_650M_UR50D,PTEN_HUMAN_Mighell_2018,random,0.5331040382293893
zero_shot,ESM2_650M_UR50D,CASP3_HUMAN_Roychowdhury_2020,random,0.6319657639185479
zero_shot,ESM2_650M_UR50D,ADRB2_HUMAN_Jones_2020,random,0.4713172859957911
zero_shot,ESM2_650M_UR50D,SPIKE_SARS2_Starr_2020_binding,random,
zero_shot,ESM2_650M_UR50D,SRC_HUMAN_Nguyen_2022,random,0.4406857009583784
zero_shot,ESM2_650M_UR50D,P53_HUMAN_Giacomelli_2018_WT_Nutlin,random,0.31372151283054445
zero_shot,ESM2_650M_UR50D,Q59976_STRSQ_Romero_2015,random,0.5630514657424017
zero_shot,ESM2_650M_UR50D,RL40A_YEAST_Roscoe_2014,random,0.5337187993829482
zero_shot,ESM2_650M_UR50D,SPIKE_SARS2_Starr_2020_expression,random,
zero_shot,ESM2_650M_UR50D,CAS9_STRP1_Spencer_2017_positive,random,
zero_shot,ESM2_650M_UR50D,MET_HUMAN_Estevam_2023,random,0.5618311663653066
zero_shot,ESM2_650M_UR50D,CP2C9_HUMAN_Amorosi_2021_activity,random,0.6578378422648654
zero_shot,ESM2_650M_UR50D,CCDB_ECOLI_Adkar_2012,random,0.35059926628202215
zero_shot,ESM2_650M_UR50D,DYR_ECOLI_Thompson_2019,random,0.46231266493838996
zero_shot,ESM2_650M_UR50D,KCNJ2_MOUSE_Coyote-Maestas_2022_surface,random,0.358619009
zero_shot,ESM2_650M_UR50D,UBC9_HUMAN_Weile_2017,random,0.4311034845359643
zero_shot,ESM2_650M_UR50D,PPM1D_HUMAN_Miller_2022,random,0.5676327539147361
zero_shot,ESM2_650M_UR50D,NPC1_HUMAN_Erwood_2022_HEK293T,random,
zero_shot,ESM2_650M_UR50D,BLAT_ECOLX_Deng_2012,random,0.5096615007303417
zero_shot,ESM2_650M_UR50D,VKOR1_HUMAN_Chiasson_2020_activity,random,0.43749303840551707
zero_shot,ESM2_650M_UR50D,PRKN_HUMAN_Clausen_2023,random,0.5317939603769719
zero_shot,ESM2_650M_UR50D,RASH_HUMAN_Bandaru_2017,random,0.5146072911679229
zero_shot,ESM2_650M_UR50D,DLG4_HUMAN_Faure_2021,random,0.6648230389805169
zero_shot,ESM2_650M_UR50D,HEM3_HUMAN_Loggerenberg_2023,random,0.4063959661720408
zero_shot,ESM2_650M_UR50D,TADBP_HUMAN_Bolognesi_2019,random,-0.189701784
zero_shot,ESM2_650M_UR50D,MTH3_HAEAE_RockahShmuel_2015,random,0.521637629
zero_shot,ESM2_650M_UR50D,PTEN_HUMAN_Matreyek_2021,random,0.461935491
zero_shot,ESM2_650M_UR50D,CCDB_ECOLI_Tripathi_2016,random,0.48884645662806764
zero_shot,ESM2_650M_UR50D,ESTA_BACSU_Nutschel_2020,random,0.1991271448430265
zero_shot,ESM2_650M_UR50D,PAI1_HUMAN_Huttinger_2021,random,0.43468281250429536
zero_shot,ESM2_650M_UR50D,UBE4B_MOUSE_Starita_2013,random,
zero_shot,ESM2_650M_UR50D,A0A2Z5U3Z0_9INFA_Wu_2014,random,0.450646599
zero_shot,ESM2_650M_UR50D,HIS7_YEAST_Pokusaeva_2019,random,
zero_shot,ESM2_650M_UR50D,PPARG_HUMAN_Majithia_2016,random,0.49033009992562504
zero_shot,ESM2_650M_UR50D,OXDA_RHOTO_Vanella_2023_expression,random,0.32831085894934975
zero_shot,ESM2_650M_UR50D,P53_HUMAN_Kotler_2018,random,0.5976149231709686
zero_shot,ESM2_650M_UR50D,R1AB_SARS2_Flynn_2022,random,0.059212826
zero_shot,ESM2_650M_UR50D,ACE2_HUMAN_Chan_2020,random,0.23485871184068283
zero_shot,ESM2_650M_UR50D,BLAT_ECOLX_Firnberg_2014,random,0.7045711455009737
zero_shot,ESM2_650M_UR50D,P84126_THETH_Chan_2017,random,0.5714207463383907
zero_shot,ESM2_650M_UR50D,Q6WV12_9MAXI_Somermeyer_2022,random,-0.069147918
zero_shot,ESM2_650M_UR50D,SERC_HUMAN_Xie_2023,random,0.5466182719435838
zero_shot,ESM2_650M_UR50D,NCAP_I34A1_Doud_2015,random,0.059132653089182224
zero_shot,ESM2_650M_UR50D,TRPC_SACS2_Chan_2017,random,0.6066302061003531
zero_shot,ESM2_650M_UR50D,PABP_YEAST_Melamed_2013,random,0.7107052163169787
zero_shot,ESM2_650M_UR50D,GFP_AEQVI_Sarkisyan_2016,random,0.050224216308657026
zero_shot,ESM2_650M_UR50D,CCR5_HUMAN_Gill_2023,random,0.31395144609928116
zero_shot,ESM2_650M_UR50D,GDIA_HUMAN_Silverstein_2021,random,0.3970303293401323
zero_shot,ESM2_650M_UR50D,RL40A_YEAST_Mavor_2016,random,0.49503471937227644
zero_shot,ESM2_650M_UR50D,OTC_HUMAN_Lo_2023,random,0.5127861557268295
zero_shot,ESM2_650M_UR50D,TAT_HV1BR_Fernandes_2016,random,0.13403016317169106
zero_shot,ESM2_650M_UR50D,IF1_ECOLI_Kelsic_2016,random,0.5857266363619061
zero_shot,ESM2_650M_UR50D,RNC_ECOLI_Weeks_2023,random,0.5898391728272845
zero_shot,ESM2_650M_UR50D,HMDH_HUMAN_Jiang_2019,random,0.46018819698081004
zero_shot,ESM2_650M_UR50D,KCNH2_HUMAN_Kozek_2020,random,
zero_shot,ESM2_650M_UR50D,A4GRB6_PSEAI_Chen_2020,random,0.684391346
zero_shot,ESM2_650M_UR50D,BRCA1_HUMAN_Findlay_2018,random,
zero_shot,ESM2_650M_UR50D,Q53Z42_HUMAN_McShan_2019_expression,random,0.5323038934756537
zero_shot,ESM2_650M_UR50D,GCN4_YEAST_Staller_2018,random,0.1855981162287445
zero_shot,ESM2_650M_UR50D,SPG1_STRSG_Wu_2016,random,-0.032580692
zero_shot,ESM2_650M_UR50D,PHOT_CHLRE_Chen_2023,random,0.3668688285215229
zero_shot,ESM2_650M_UR50D,DLG4_RAT_McLaughlin_2012,random,0.5144157238760413
zero_shot,ESM2_650M_UR50D,GRB2_HUMAN_Faure_2021,random,0.6366508450153547
zero_shot,ESM2_650M_UR50D,MLAC_ECOLI_MacRae_2023,random,0.3602672448414826
zero_shot,ESM2_650M_UR50D,SRC_HUMAN_Ahler_2019,random,0.5287387777787044
zero_shot,ESM2_650M_UR50D,YAP1_HUMAN_Araya_2012,random,0.3806705171652207
zero_shot,ESM2_650M_UR50D,TPMT_HUMAN_Matreyek_2018,random,0.5205550927887488
zero_shot,ESM2_650M_UR50D,MSH2_HUMAN_Jia_2020,random,0.36090052769014724
zero_shot,ESM2_650M_UR50D,SPG1_STRSG_Olson_2014,random,
zero_shot,ESM2_650M_UR50D,HXK4_HUMAN_Gersing_2023_abundance,random,0.3733116858861336
zero_shot,ESM2_650M_UR50D,NRAM_I33A0_Jiang_2016,random,0.33277765792622155
zero_shot,ESM2_650M_UR50D,C6KNH7_9INFA_Lee_2018,random,0.4502695297413697
zero_shot,ESM2_650M_UR50D,GAL4_YEAST_Kitzman_2015,random,0.6295576948368012
zero_shot,ESM2_650M_UR50D,RL40A_YEAST_Roscoe_2013,random,0.5672305928813379
zero_shot,ESM2_650M_UR50D,I6TAH8_I68A0_Doud_2015,random,-0.001678545
zero_shot,ESM2_650M_UR50D,S22A1_HUMAN_Yee_2023_activity,random,0.5447717192214496
zero_shot,ESM2_650M_UR50D,MTHR_HUMAN_Weile_2021,random,0.3548596934484738
zero_shot,ESM2_650M_UR50D,CP2C9_HUMAN_Amorosi_2021_abundance,random,0.632299177
zero_shot,ESM2_650M_UR50D,TRPC_THEMA_Chan_2017,random,0.4443942357798027
zero_shot,ESM2_650M_UR50D,REV_HV1H2_Fernandes_2016,random,0.27307414801422675
zero_shot,ESM2_650M_UR50D,SCN5A_HUMAN_Glazer_2019,random,
zero_shot,ESM2_650M_UR50D,ENVZ_ECOLI_Ghose_2023,random,0.1646205206847246
zero_shot,ESM2_650M_UR50D,VKOR1_HUMAN_Chiasson_2020_abundance,random,0.5116363895566608
zero_shot,ESM2_650M_UR50D,KCNE1_HUMAN_Muhammad_2023_expression,random,0.1357773766487762
zero_shot,ESM2_650M_UR50D,CD19_HUMAN_Klesmith_2019_FMC_singles,random,0.13253561209768025
zero_shot,ESM2_650M_UR50D,SYUA_HUMAN_Newberry_2020,random,0.14011554195761033
zero_shot,ESM2_650M_UR50D,Q53Z42_HUMAN_McShan_2019_binding-TAPBPR,random,0.3166240992765671
zero_shot,ESM2_650M_UR50D,Q8WTC7_9CNID_Somermeyer_2022,random,-0.001774712
zero_shot,ESM2_650M_UR50D,A0A140D2T1_ZIKV_Sourisseau_2019,random,
zero_shot,ESM2_650M_UR50D,A0A192B1T2_9HIV1_Haddox_2018,random,0.083663295
zero_shot,ESM2_650M_UR50D,A4D664_9INFA_Soh_2019,random,0.17046008204629623
zero_shot,ESM2_650M_UR50D,ANCSZ_Hobbs_2022,random,0.6063898327297295
zero_shot,ESM2_650M_UR50D,BRCA2_HUMAN_Erwood_2022_HEK293T,random,
zero_shot,ESM2_650M_UR50D,ENV_HV1B9_DuenasDecamp_2016,random,0.088651507
zero_shot,ESM2_650M_UR50D,ENV_HV1BR_Haddox_2016,random,0.072710229
zero_shot,ESM2_650M_UR50D,PA_I34A1_Wu_2015,random,0.063454324
zero_shot,ESM2_650M_UR50D,POLG_CXB3N_Mattenberger_2021,random,
zero_shot,ESM2_650M_UR50D,POLG_DEN26_Suphatrakul_2023,random,0.1679283317646212
zero_shot,ESM2_650M_UR50D,POLG_HCVJF_Qi_2014,random,
zero_shot,ESM2_650M_UR50D,Q2N0S5_9HIV1_Haddox_2018,random,0.058805410724127476
zero_shot,ESM2_650M_UR50D,Q837P4_ENTFA_Meier_2023,random,
zero_shot,ESM2_650M_UR50D,Q837P5_ENTFA_Meier_2023,random,0.36289649978457866
zero_shot,ESM2_650M_UR50D,RDRP_I33A0_Li_2023,random,0.33702274117889586
zero_shot,ESM2_650M_UR50D,TPOR_HUMAN_Bridgford_2020,random,0.33542800438386194
zero_shot,ESM2_650M_UR50D,PR40A_HUMAN_Tsuboyama_2023_1UZC,random,0.7128866330908736
zero_shot,ESM2_650M_UR50D,ODP2_GEOSE_Tsuboyama_2023_1W4G,random,0.20379661719706393
zero_shot,ESM2_650M_UR50D,RS15_GEOSE_Tsuboyama_2023_1A32,random,0.40978247332997264
zero_shot,ESM2_650M_UR50D,VG08_BPP22_Tsuboyama_2023_2GP8,random,0.5730853033314344
zero_shot,ESM2_650M_UR50D,VILI_CHICK_Tsuboyama_2023_1YU5,random,0.6240780460242787
zero_shot,ESM2_650M_UR50D,AMFR_HUMAN_Tsuboyama_2023_4G3O,random,0.3269422425925849
zero_shot,ESM2_650M_UR50D,RBP1_HUMAN_Tsuboyama_2023_2KWH,random,0.3517138254129178
zero_shot,ESM2_650M_UR50D,FKBP3_HUMAN_Tsuboyama_2023_2KFV,random,0.17130226124202966
zero_shot,ESM2_650M_UR50D,FECA_ECOLI_Tsuboyama_2023_2D1U,random,0.4757915196401567
zero_shot,ESM2_650M_UR50D,NUSA_ECOLI_Tsuboyama_2023_1WCL,random,0.5662630985579532
zero_shot,ESM2_650M_UR50D,ISDH_STAAW_Tsuboyama_2023_2LHR,random,0.3208906603210439
zero_shot,ESM2_650M_UR50D,TCRG1_MOUSE_Tsuboyama_2023_1E0L,random,0.6679697538491477
zero_shot,ESM2_650M_UR50D,SAV1_MOUSE_Tsuboyama_2023_2YSB,random,0.4323841801494169
zero_shot,ESM2_650M_UR50D,POLG_PESV_Tsuboyama_2023_2MXD,random,0.48678520490799215
zero_shot,ESM2_650M_UR50D,SR43C_ARATH_Tsuboyama_2023_2N88,random,0.638203965
zero_shot,ESM2_650M_UR50D,MAFG_MOUSE_Tsuboyama_2023_1K1V,random,0.5559253708691896
zero_shot,ESM2_650M_UR50D,NUSG_MYCTU_Tsuboyama_2023_2MI6,random,0.5606192853884866
zero_shot,ESM2_650M_UR50D,UBR5_HUMAN_Tsuboyama_2023_1I2T,random,0.48272966259297023
zero_shot,ESM2_650M_UR50D,BBC1_YEAST_Tsuboyama_2023_1TG0,random,0.545698292
zero_shot,ESM2_650M_UR50D,CBPA2_HUMAN_Tsuboyama_2023_1O6X,random,0.6764745238342308
zero_shot,ESM2_650M_UR50D,TNKS2_HUMAN_Tsuboyama_2023_5JRT,random,0.576536608
zero_shot,ESM2_650M_UR50D,DOCK1_MOUSE_Tsuboyama_2023_2M0Y,random,0.40720558210023916
zero_shot,ESM2_650M_UR50D,ILF3_HUMAN_Tsuboyama_2023_2L33,random,0.3190471265738117
zero_shot,ESM2_650M_UR50D,RCRO_LAMBD_Tsuboyama_2023_1ORC,random,0.64262214
zero_shot,ESM2_650M_UR50D,CSN4_MOUSE_Tsuboyama_2023_1UFM,random,0.48678420125210964
zero_shot,ESM2_650M_UR50D,RD23A_HUMAN_Tsuboyama_2023_1IFY,random,0.5114392029347564
zero_shot,ESM2_650M_UR50D,UBE4B_HUMAN_Tsuboyama_2023_3L1X,random,0.4196796075053013
zero_shot,ESM2_650M_UR50D,DNJA1_HUMAN_Tsuboyama_2023_2LO1,random,0.7298063486181331
zero_shot,ESM2_650M_UR50D,DN7A_SACS2_Tsuboyama_2023_1JIC,random,0.33941057278896514
zero_shot,ESM2_650M_UR50D,PIN1_HUMAN_Tsuboyama_2023_1I6C,random,0.660313445
zero_shot,ESM2_650M_UR50D,VRPI_BPT7_Tsuboyama_2023_2WNM,random,0.5663413197010234
zero_shot,ESM2_650M_UR50D,HECD1_HUMAN_Tsuboyama_2023_3DKM,random,0.3614203562161524
zero_shot,ESM2_650M_UR50D,SPTN1_CHICK_Tsuboyama_2023_1TUD,random,0.6392780074097659
zero_shot,ESM2_650M_UR50D,RPC1_BP434_Tsuboyama_2023_1R69,random,0.739622971
zero_shot,ESM2_650M_UR50D,YNZC_BACSU_Tsuboyama_2023_2JVD,random,0.6240766309783736
zero_shot,ESM2_650M_UR50D,OBSCN_HUMAN_Tsuboyama_2023_1V1C,random,0.8052861807771333
zero_shot,ESM2_650M_UR50D,HCP_LAMBD_Tsuboyama_2023_2L6Q,random,0.6072377563218901
zero_shot,ESM2_650M_UR50D,THO1_YEAST_Tsuboyama_2023_2WQG,random,0.4037332200955016
zero_shot,ESM2_650M_UR50D,SDA_BACSU_Tsuboyama_2023_1PV0,random,0.5543037282524519
zero_shot,ESM2_650M_UR50D,CBX4_HUMAN_Tsuboyama_2023_2K28,random,0.7316742807300971
zero_shot,ESM2_650M_UR50D,SRBS1_HUMAN_Tsuboyama_2023_2O2W,random,0.6951386440746538
zero_shot,ESM2_650M_UR50D,MYO3_YEAST_Tsuboyama_2023_2BTT,random,0.49572114820643853
zero_shot,ESM2_650M_UR50D,BCHB_CHLTE_Tsuboyama_2023_2KRU,random,0.35309826263579436
zero_shot,ESM2_650M_UR50D,RCD1_ARATH_Tsuboyama_2023_5OAO,random,0.5252547748571652
zero_shot,ESM2_650M_UR50D,SOX30_HUMAN_Tsuboyama_2023_7JJK,random,0.34266852899804456
zero_shot,ESM2_650M_UR50D,NKX31_HUMAN_Tsuboyama_2023_2L9R,random,0.6112073633012464
zero_shot,ESM2_650M_UR50D,CUE1_YEAST_Tsuboyama_2023_2MYX,random,0.5901340519652659
zero_shot,ESM2_650M_UR50D,OTU7A_HUMAN_Tsuboyama_2023_2L2D,random,0.28802264769579233
zero_shot,ESM2_650M_UR50D,PITX2_HUMAN_Tsuboyama_2023_2L7M,random,0.62572533
zero_shot,ESM2_650M_UR50D,PKN1_HUMAN_Tsuboyama_2023_1URF,random,0.30897468503082043
zero_shot,ESM2_650M_UR50D,SQSTM_MOUSE_Tsuboyama_2023_2RRU,random,0.575739393
zero_shot,ESM2_650M_UR50D,EPHB2_HUMAN_Tsuboyama_2023_1F0M,random,0.8304676987310089
zero_shot,ESM2_650M_UR50D,SCIN_STAAR_Tsuboyama_2023_2QFF,random,0.41189759514760665
zero_shot,ESM2_650M_UR50D,MBD11_ARATH_Tsuboyama_2023_6ACV,random,0.6653617649211424
zero_shot,ESM2_650M_UR50D,PSAE_PICP2_Tsuboyama_2023_1PSE,random,0.6721176980791487
zero_shot,ESM2_650M_UR50D,SPG2_STRSG_Tsuboyama_2023_5UBS,random,0.4456689841063391
zero_shot,ESM2_650M_UR50D,ARGR_ECOLI_Tsuboyama_2023_1AOY,random,0.45284382937368267
zero_shot,ESM2_650M_UR50D,RAD_ANTMA_Tsuboyama_2023_2CJJ,random,0.44457921832125546
zero_shot,ESM2_650M_UR50D,RL20_AQUAE_Tsuboyama_2023_1GYZ,random,0.630567832
zero_shot,ESM2_650M_UR50D,SBI_STAAM_Tsuboyama_2023_2JVG,random,0.4816516456282983
zero_shot,ESM2_650M_UR50D,RFAH_ECOLI_Tsuboyama_2023_2LCL,random,0.3015899077287233
zero_shot,ESM2_650M_UR50D,YAIA_ECOLI_Tsuboyama_2023_2KVT,random,0.5365300743149959
zero_shot,ESM2_8M_UR50D,ERBB2_HUMAN_Elazar_2016,random,
zero_shot,ESM2_8M_UR50D,A0A2Z5U3Z0_9INFA_Doud_2016,random,0.053400311
zero_shot,ESM2_8M_UR50D,AICDA_HUMAN_Gajula_2014_3cycles,random,-0.186656368
zero_shot,ESM2_8M_UR50D,A0A1I9GEU1_NEIME_Kennouche_2019,random,-0.024380887
zero_shot,ESM2_8M_UR50D,CASP7_HUMAN_Roychowdhury_2020,random,0.27816711190625026
zero_shot,ESM2_8M_UR50D,HSP82_YEAST_Cote-Hammarlof_2020_growth-H2O2,random,-0.095454898
zero_shot,ESM2_8M_UR50D,OXDA_RHOTO_Vanella_2023_activity,random,0.081879927
zero_shot,ESM2_8M_UR50D,KKA2_KLEPN_Melnikov_2014,random,0.24214543646502854
zero_shot,ESM2_8M_UR50D,BLAT_ECOLX_Stiffler_2015,random,0.3021982400833773
zero_shot,ESM2_8M_UR50D,RASK_HUMAN_Weng_2022_abundance,random,0.39731269829039034
zero_shot,ESM2_8M_UR50D,LYAM1_HUMAN_Elazar_2016,random,0.34775021317687665
zero_shot,ESM2_8M_UR50D,NPC1_HUMAN_Erwood_2022_RPE1,random,
zero_shot,ESM2_8M_UR50D,NUD15_HUMAN_Suiter_2020,random,0.35873107919033986
zero_shot,ESM2_8M_UR50D,HXK4_HUMAN_Gersing_2022_activity,random,0.13725562945935657
zero_shot,ESM2_8M_UR50D,F7YBW8_MESOW_Ding_2023,random,0.47195328840864015
zero_shot,ESM2_8M_UR50D,RPC1_LAMBD_Li_2019_low-expression,random,0.2972036297036297
zero_shot,ESM2_8M_UR50D,AMIE_PSEAE_Wrenbeck_2017,random,0.19602773239488772
zero_shot,ESM2_8M_UR50D,S22A1_HUMAN_Yee_2023_abundance,random,0.4791569148861742
zero_shot,ESM2_8M_UR50D,GLPA_HUMAN_Elazar_2016,random,0.2810361569657852
zero_shot,ESM2_8M_UR50D,BLAT_ECOLX_Jacquier_2013,random,0.28212535921176146
zero_shot,ESM2_8M_UR50D,DYR_ECOLI_Nguyen_2023,random,0.11608021527429573
zero_shot,ESM2_8M_UR50D,RPC1_LAMBD_Li_2019_high-expression,random,0.2550185925185925
zero_shot,ESM2_8M_UR50D,TPK1_HUMAN_Weile_2017,random,0.066918929
zero_shot,ESM2_8M_UR50D,CAR11_HUMAN_Meitlis_2020_lof,random,
zero_shot,ESM2_8M_UR50D,MK01_HUMAN_Brenan_2016,random,0.1586943655984962
zero_shot,ESM2_8M_UR50D,A0A247D711_LISMN_Stadelmann_2021,random,0.12210741168483934
zero_shot,ESM2_8M_UR50D,CALM1_HUMAN_Weile_2017,random,0.15078710721016678
zero_shot,ESM2_8M_UR50D,CAPSD_AAV2S_Sinai_2021,random,0.16959392072352292
zero_shot,ESM2_8M_UR50D,CAR11_HUMAN_Meitlis_2020_gof,random,
zero_shot,ESM2_8M_UR50D,KCNE1_HUMAN_Muhammad_2023_function,random,0.22927873727138812
zero_shot,ESM2_8M_UR50D,F7YBW8_MESOW_Aakre_2015,random,-0.070496871
zero_shot,ESM2_8M_UR50D,HSP82_YEAST_Flynn_2019,random,0.061785906
zero_shot,ESM2_8M_UR50D,RAF1_HUMAN_Zinkus-Boltz_2019,random,0.11801098900241114
zero_shot,ESM2_8M_UR50D,SC6A4_HUMAN_Young_2021,random,0.1051909223940113
zero_shot,ESM2_8M_UR50D,SRC_HUMAN_Chakraborty_2023_binding-DAS_25uM,random,0.3304012864975184
zero_shot,ESM2_8M_UR50D,KCNJ2_MOUSE_Coyote-Maestas_2022_function,random,0.03472904
zero_shot,ESM2_8M_UR50D,LGK_LIPST_Klesmith_2015,random,0.15064911972272055
zero_shot,ESM2_8M_UR50D,D7PM05_CLYGR_Somermeyer_2022,random,0.10415718244770344
zero_shot,ESM2_8M_UR50D,SHOC2_HUMAN_Kwon_2022,random,0.24436162018837337
zero_shot,ESM2_8M_UR50D,SUMO1_HUMAN_Weile_2017,random,0.054881002
zero_shot,ESM2_8M_UR50D,AACC1_PSEAI_Dandage_2018,random,0.17416269697096393
zero_shot,ESM2_8M_UR50D,CBS_HUMAN_Sun_2020,random,0.10758757308752544
zero_shot,ESM2_8M_UR50D,HSP82_YEAST_Mishra_2016,random,0.17976129651128028
zero_shot,ESM2_8M_UR50D,A4_HUMAN_Seuma_2022,random,0.25479384113481157
zero_shot,ESM2_8M_UR50D,B2L11_HUMAN_Dutta_2010_binding-Mcl-1,random,0.5482050060759277
zero_shot,ESM2_8M_UR50D,P53_HUMAN_Giacomelli_2018_Null_Nutlin,random,-0.031825451
zero_shot,ESM2_8M_UR50D,P53_HUMAN_Giacomelli_2018_Null_Etoposide,random,-0.027809185
zero_shot,ESM2_8M_UR50D,RASK_HUMAN_Weng_2022_binding-DARPin_K55,random,0.5845977171746731
zero_shot,ESM2_8M_UR50D,OPSD_HUMAN_Wan_2019,random,0.1831485587583149
zero_shot,ESM2_8M_UR50D,PTEN_HUMAN_Mighell_2018,random,0.22544662152477776
zero_shot,ESM2_8M_UR50D,CASP3_HUMAN_Roychowdhury_2020,random,0.27794694795592095
zero_shot,ESM2_8M_UR50D,ADRB2_HUMAN_Jones_2020,random,0.38038566633219395
zero_shot,ESM2_8M_UR50D,SPIKE_SARS2_Starr_2020_binding,random,
zero_shot,ESM2_8M_UR50D,SRC_HUMAN_Nguyen_2022,random,0.31752635114240285
zero_shot,ESM2_8M_UR50D,P53_HUMAN_Giacomelli_2018_WT_Nutlin,random,-0.095982152
zero_shot,ESM2_8M_UR50D,Q59976_STRSQ_Romero_2015,random,0.16221772107999158
zero_shot,ESM2_8M_UR50D,RL40A_YEAST_Roscoe_2014,random,0.24681337472599585
zero_shot,ESM2_8M_UR50D,SPIKE_SARS2_Starr_2020_expression,random,
zero_shot,ESM2_8M_UR50D,CAS9_STRP1_Spencer_2017_positive,random,
zero_shot,ESM2_8M_UR50D,MET_HUMAN_Estevam_2023,random,0.43900262406691687
zero_shot,ESM2_8M_UR50D,CP2C9_HUMAN_Amorosi_2021_activity,random,0.4975315281125031
zero_shot,ESM2_8M_UR50D,CCDB_ECOLI_Adkar_2012,random,0.11532513856860138
zero_shot,ESM2_8M_UR50D,DYR_ECOLI_Thompson_2019,random,0.10725734974330467
zero_shot,ESM2_8M_UR50D,KCNJ2_MOUSE_Coyote-Maestas_2022_surface,random,0.099961761
zero_shot,ESM2_8M_UR50D,UBC9_HUMAN_Weile_2017,random,0.06757604
zero_shot,ESM2_8M_UR50D,PPM1D_HUMAN_Miller_2022,random,0.16961919654596147
zero_shot,ESM2_8M_UR50D,NPC1_HUMAN_Erwood_2022_HEK293T,random,
zero_shot,ESM2_8M_UR50D,BLAT_ECOLX_Deng_2012,random,0.17098092713624582
zero_shot,ESM2_8M_UR50D,VKOR1_HUMAN_Chiasson_2020_activity,random,0.048887362
zero_shot,ESM2_8M_UR50D,PRKN_HUMAN_Clausen_2023,random,0.2450889899759247
zero_shot,ESM2_8M_UR50D,RASH_HUMAN_Bandaru_2017,random,0.48144587996193366
zero_shot,ESM2_8M_UR50D,DLG4_HUMAN_Faure_2021,random,0.6711533482179628
zero_shot,ESM2_8M_UR50D,HEM3_HUMAN_Loggerenberg_2023,random,0.10446873265768211
zero_shot,ESM2_8M_UR50D,TADBP_HUMAN_Bolognesi_2019,random,0.11690426271702212
zero_shot,ESM2_8M_UR50D,MTH3_HAEAE_RockahShmuel_2015,random,0.20410137406737489
zero_shot,ESM2_8M_UR50D,PTEN_HUMAN_Matreyek_2021,random,0.21128239435709725
zero_shot,ESM2_8M_UR50D,CCDB_ECOLI_Tripathi_2016,random,0.10667483150334658
zero_shot,ESM2_8M_UR50D,ESTA_BACSU_Nutschel_2020,random,0.17951290438131445
zero_shot,ESM2_8M_UR50D,PAI1_HUMAN_Huttinger_2021,random,0.15983971578043984
zero_shot,ESM2_8M_UR50D,UBE4B_MOUSE_Starita_2013,random,
zero_shot,ESM2_8M_UR50D,A0A2Z5U3Z0_9INFA_Wu_2014,random,0.08974798
zero_shot,ESM2_8M_UR50D,HIS7_YEAST_Pokusaeva_2019,random,
zero_shot,ESM2_8M_UR50D,PPARG_HUMAN_Majithia_2016,random,0.035831456
zero_shot,ESM2_8M_UR50D,OXDA_RHOTO_Vanella_2023_expression,random,0.22102209196171718
zero_shot,ESM2_8M_UR50D,P53_HUMAN_Kotler_2018,random,0.061598784
zero_shot,ESM2_8M_UR50D,R1AB_SARS2_Flynn_2022,random,0.031638816
zero_shot,ESM2_8M_UR50D,ACE2_HUMAN_Chan_2020,random,0.050723875
zero_shot,ESM2_8M_UR50D,BLAT_ECOLX_Firnberg_2014,random,0.3202683661907194
zero_shot,ESM2_8M_UR50D,P84126_THETH_Chan_2017,random,0.3163429474700815
zero_shot,ESM2_8M_UR50D,Q6WV12_9MAXI_Somermeyer_2022,random,0.032115538
zero_shot,ESM2_8M_UR50D,SERC_HUMAN_Xie_2023,random,0.14578049062149295
zero_shot,ESM2_8M_UR50D,NCAP_I34A1_Doud_2015,random,0.015786608
zero_shot,ESM2_8M_UR50D,TRPC_SACS2_Chan_2017,random,0.28052577231290715
zero_shot,ESM2_8M_UR50D,PABP_YEAST_Melamed_2013,random,0.4792966071789174
zero_shot,ESM2_8M_UR50D,GFP_AEQVI_Sarkisyan_2016,random,0.16068085836486162
zero_shot,ESM2_8M_UR50D,CCR5_HUMAN_Gill_2023,random,0.2811922749680156
zero_shot,ESM2_8M_UR50D,GDIA_HUMAN_Silverstein_2021,random,0.1047715404129369
zero_shot,ESM2_8M_UR50D,RL40A_YEAST_Mavor_2016,random,0.13538647986937105
zero_shot,ESM2_8M_UR50D,OTC_HUMAN_Lo_2023,random,0.07716286
zero_shot,ESM2_8M_UR50D,TAT_HV1BR_Fernandes_2016,random,-0.046977687
zero_shot,ESM2_8M_UR50D,IF1_ECOLI_Kelsic_2016,random,0.25274023404503954
zero_shot,ESM2_8M_UR50D,RNC_ECOLI_Weeks_2023,random,0.1700526582522184
zero_shot,ESM2_8M_UR50D,HMDH_HUMAN_Jiang_2019,random,-0.038961231
zero_shot,ESM2_8M_UR50D,KCNH2_HUMAN_Kozek_2020,random,
zero_shot,ESM2_8M_UR50D,A4GRB6_PSEAI_Chen_2020,random,0.36243409763167567
zero_shot,ESM2_8M_UR50D,BRCA1_HUMAN_Findlay_2018,random,
zero_shot,ESM2_8M_UR50D,Q53Z42_HUMAN_McShan_2019_expression,random,0.046123134
zero_shot,ESM2_8M_UR50D,GCN4_YEAST_Staller_2018,random,0.15470422866565575
zero_shot,ESM2_8M_UR50D,SPG1_STRSG_Wu_2016,random,-0.115817362
zero_shot,ESM2_8M_UR50D,PHOT_CHLRE_Chen_2023,random,0.5332083443582263
zero_shot,ESM2_8M_UR50D,DLG4_RAT_McLaughlin_2012,random,0.3293683644972578
zero_shot,ESM2_8M_UR50D,GRB2_HUMAN_Faure_2021,random,0.4890882838125409
zero_shot,ESM2_8M_UR50D,MLAC_ECOLI_MacRae_2023,random,0.09660319
zero_shot,ESM2_8M_UR50D,SRC_HUMAN_Ahler_2019,random,0.411863189
zero_shot,ESM2_8M_UR50D,YAP1_HUMAN_Araya_2012,random,0.22294781965246416
zero_shot,ESM2_8M_UR50D,TPMT_HUMAN_Matreyek_2018,random,0.29446722410626014
zero_shot,ESM2_8M_UR50D,MSH2_HUMAN_Jia_2020,random,0.2326374710803137
zero_shot,ESM2_8M_UR50D,SPG1_STRSG_Olson_2014,random,
zero_shot,ESM2_8M_UR50D,HXK4_HUMAN_Gersing_2023_abundance,random,0.1466205774842178
zero_shot,ESM2_8M_UR50D,NRAM_I33A0_Jiang_2016,random,0.058687252
zero_shot,ESM2_8M_UR50D,C6KNH7_9INFA_Lee_2018,random,0.019732337124322145
zero_shot,ESM2_8M_UR50D,GAL4_YEAST_Kitzman_2015,random,0.2908742311561042
zero_shot,ESM2_8M_UR50D,RL40A_YEAST_Roscoe_2013,random,0.12514947030029433
zero_shot,ESM2_8M_UR50D,I6TAH8_I68A0_Doud_2015,random,0.017245959
zero_shot,ESM2_8M_UR50D,S22A1_HUMAN_Yee_2023_activity,random,0.42406945297412557
zero_shot,ESM2_8M_UR50D,MTHR_HUMAN_Weile_2021,random,0.22873410935528868
zero_shot,ESM2_8M_UR50D,CP2C9_HUMAN_Amorosi_2021_abundance,random,0.44694263182475147
zero_shot,ESM2_8M_UR50D,TRPC_THEMA_Chan_2017,random,0.32001774903680524
zero_shot,ESM2_8M_UR50D,REV_HV1H2_Fernandes_2016,random,0.0686287
zero_shot,ESM2_8M_UR50D,SCN5A_HUMAN_Glazer_2019,random,
zero_shot,ESM2_8M_UR50D,ENVZ_ECOLI_Ghose_2023,random,0.19700889374524308
zero_shot,ESM2_8M_UR50D,VKOR1_HUMAN_Chiasson_2020_abundance,random,0.19504545497932188
zero_shot,ESM2_8M_UR50D,KCNE1_HUMAN_Muhammad_2023_expression,random,0.099662974
zero_shot,ESM2_8M_UR50D,CD19_HUMAN_Klesmith_2019_FMC_singles,random,0.056566247
zero_shot,ESM2_8M_UR50D,SYUA_HUMAN_Newberry_2020,random,0.10060469095571942
zero_shot,ESM2_8M_UR50D,Q53Z42_HUMAN_McShan_2019_binding-TAPBPR,random,-0.0116522
zero_shot,ESM2_8M_UR50D,Q8WTC7_9CNID_Somermeyer_2022,random,-0.013906186
zero_shot,ESM2_8M_UR50D,A0A140D2T1_ZIKV_Sourisseau_2019,random,
zero_shot,ESM2_8M_UR50D,A0A192B1T2_9HIV1_Haddox_2018,random,0.056405984
zero_shot,ESM2_8M_UR50D,A4D664_9INFA_Soh_2019,random,0.028824801
zero_shot,ESM2_8M_UR50D,ANCSZ_Hobbs_2022,random,0.4867610044431407
zero_shot,ESM2_8M_UR50D,BRCA2_HUMAN_Erwood_2022_HEK293T,random,
zero_shot,ESM2_8M_UR50D,ENV_HV1B9_DuenasDecamp_2016,random,0.17705284875913477
zero_shot,ESM2_8M_UR50D,ENV_HV1BR_Haddox_2016,random,0.034711212
zero_shot,ESM2_8M_UR50D,PA_I34A1_Wu_2015,random,-0.014306537
zero_shot,ESM2_8M_UR50D,POLG_CXB3N_Mattenberger_2021,random,
zero_shot,ESM2_8M_UR50D,POLG_DEN26_Suphatrakul_2023,random,-0.01743376
zero_shot,ESM2_8M_UR50D,POLG_HCVJF_Qi_2014,random,
zero_shot,ESM2_8M_UR50D,Q2N0S5_9HIV1_Haddox_2018,random,0.030755330907534285
zero_shot,ESM2_8M_UR50D,Q837P4_ENTFA_Meier_2023,random,
zero_shot,ESM2_8M_UR50D,Q837P5_ENTFA_Meier_2023,random,0.17396925067453983
zero_shot,ESM2_8M_UR50D,RDRP_I33A0_Li_2023,random,0.032079313701225305
zero_shot,ESM2_8M_UR50D,TPOR_HUMAN_Bridgford_2020,random,0.3719897263921016
zero_shot,ESM2_8M_UR50D,PR40A_HUMAN_Tsuboyama_2023_1UZC,random,0.5696223222475983
zero_shot,ESM2_8M_UR50D,ODP2_GEOSE_Tsuboyama_2023_1W4G,random,0.044279464
zero_shot,ESM2_8M_UR50D,RS15_GEOSE_Tsuboyama_2023_1A32,random,0.380049279
zero_shot,ESM2_8M_UR50D,VG08_BPP22_Tsuboyama_2023_2GP8,random,0.3894547538381632
zero_shot,ESM2_8M_UR50D,VILI_CHICK_Tsuboyama_2023_1YU5,random,0.479062075
zero_shot,ESM2_8M_UR50D,AMFR_HUMAN_Tsuboyama_2023_4G3O,random,-0.225823431
zero_shot,ESM2_8M_UR50D,RBP1_HUMAN_Tsuboyama_2023_2KWH,random,0.26643245086671863
zero_shot,ESM2_8M_UR50D,FKBP3_HUMAN_Tsuboyama_2023_2KFV,random,0.24017518795402418
zero_shot,ESM2_8M_UR50D,FECA_ECOLI_Tsuboyama_2023_2D1U,random,0.089128669
zero_shot,ESM2_8M_UR50D,NUSA_ECOLI_Tsuboyama_2023_1WCL,random,0.38265625173789064
zero_shot,ESM2_8M_UR50D,ISDH_STAAW_Tsuboyama_2023_2LHR,random,0.3426837752061378
zero_shot,ESM2_8M_UR50D,TCRG1_MOUSE_Tsuboyama_2023_1E0L,random,0.5427516815345484
zero_shot,ESM2_8M_UR50D,SAV1_MOUSE_Tsuboyama_2023_2YSB,random,0.42682302884114737
zero_shot,ESM2_8M_UR50D,POLG_PESV_Tsuboyama_2023_2MXD,random,0.44013991094509747
zero_shot,ESM2_8M_UR50D,SR43C_ARATH_Tsuboyama_2023_2N88,random,-0.062800888
zero_shot,ESM2_8M_UR50D,MAFG_MOUSE_Tsuboyama_2023_1K1V,random,0.4442079432876533
zero_shot,ESM2_8M_UR50D,NUSG_MYCTU_Tsuboyama_2023_2MI6,random,0.3629998824962355
zero_shot,ESM2_8M_UR50D,UBR5_HUMAN_Tsuboyama_2023_1I2T,random,0.24085105649810723
zero_shot,ESM2_8M_UR50D,BBC1_YEAST_Tsuboyama_2023_1TG0,random,0.3153952671188528
zero_shot,ESM2_8M_UR50D,CBPA2_HUMAN_Tsuboyama_2023_1O6X,random,0.3066144075065324
zero_shot,ESM2_8M_UR50D,TNKS2_HUMAN_Tsuboyama_2023_5JRT,random,0.038012200738991614
zero_shot,ESM2_8M_UR50D,DOCK1_MOUSE_Tsuboyama_2023_2M0Y,random,0.12970187555769933
zero_shot,ESM2_8M_UR50D,ILF3_HUMAN_Tsuboyama_2023_2L33,random,0.18143079137111098
zero_shot,ESM2_8M_UR50D,RCRO_LAMBD_Tsuboyama_2023_1ORC,random,-0.02325695
zero_shot,ESM2_8M_UR50D,CSN4_MOUSE_Tsuboyama_2023_1UFM,random,0.28692073380559113
zero_shot,ESM2_8M_UR50D,RD23A_HUMAN_Tsuboyama_2023_1IFY,random,0.2775718068050357
zero_shot,ESM2_8M_UR50D,UBE4B_HUMAN_Tsuboyama_2023_3L1X,random,0.31515394937379954
zero_shot,ESM2_8M_UR50D,DNJA1_HUMAN_Tsuboyama_2023_2LO1,random,0.7713024579143392
zero_shot,ESM2_8M_UR50D,DN7A_SACS2_Tsuboyama_2023_1JIC,random,0.042043348174464056
zero_shot,ESM2_8M_UR50D,PIN1_HUMAN_Tsuboyama_2023_1I6C,random,0.5763764082454812
zero_shot,ESM2_8M_UR50D,VRPI_BPT7_Tsuboyama_2023_2WNM,random,0.2359624448743064
zero_shot,ESM2_8M_UR50D,HECD1_HUMAN_Tsuboyama_2023_3DKM,random,0.16874926699030257
zero_shot,ESM2_8M_UR50D,SPTN1_CHICK_Tsuboyama_2023_1TUD,random,-0.046297595
zero_shot,ESM2_8M_UR50D,RPC1_BP434_Tsuboyama_2023_1R69,random,0.6852582999191289
zero_shot,ESM2_8M_UR50D,YNZC_BACSU_Tsuboyama_2023_2JVD,random,0.49399277539965825
zero_shot,ESM2_8M_UR50D,OBSCN_HUMAN_Tsuboyama_2023_1V1C,random,0.5676791025382619
zero_shot,ESM2_8M_UR50D,HCP_LAMBD_Tsuboyama_2023_2L6Q,random,0.2009720864130863
zero_shot,ESM2_8M_UR50D,THO1_YEAST_Tsuboyama_2023_2WQG,random,0.23947087980400378
zero_shot,ESM2_8M_UR50D,SDA_BACSU_Tsuboyama_2023_1PV0,random,0.18664438810516995
zero_shot,ESM2_8M_UR50D,CBX4_HUMAN_Tsuboyama_2023_2K28,random,0.020547173
zero_shot,ESM2_8M_UR50D,SRBS1_HUMAN_Tsuboyama_2023_2O2W,random,0.46292051983368965
zero_shot,ESM2_8M_UR50D,MYO3_YEAST_Tsuboyama_2023_2BTT,random,0.13450249715718154
zero_shot,ESM2_8M_UR50D,BCHB_CHLTE_Tsuboyama_2023_2KRU,random,0.19419008160589815
zero_shot,ESM2_8M_UR50D,RCD1_ARATH_Tsuboyama_2023_5OAO,random,0.33559377118937067
zero_shot,ESM2_8M_UR50D,SOX30_HUMAN_Tsuboyama_2023_7JJK,random,0.2835482225430719
zero_shot,ESM2_8M_UR50D,NKX31_HUMAN_Tsuboyama_2023_2L9R,random,0.3822416416462319
zero_shot,ESM2_8M_UR50D,CUE1_YEAST_Tsuboyama_2023_2MYX,random,0.23619825570226224
zero_shot,ESM2_8M_UR50D,OTU7A_HUMAN_Tsuboyama_2023_2L2D,random,0.18318749305792165
zero_shot,ESM2_8M_UR50D,PITX2_HUMAN_Tsuboyama_2023_2L7M,random,0.341886512
zero_shot,ESM2_8M_UR50D,PKN1_HUMAN_Tsuboyama_2023_1URF,random,0.25238433828203477
zero_shot,ESM2_8M_UR50D,SQSTM_MOUSE_Tsuboyama_2023_2RRU,random,0.13528659247064576
zero_shot,ESM2_8M_UR50D,EPHB2_HUMAN_Tsuboyama_2023_1F0M,random,-0.315421646
zero_shot,ESM2_8M_UR50D,SCIN_STAAR_Tsuboyama_2023_2QFF,random,0.21893852104594394
zero_shot,ESM2_8M_UR50D,MBD11_ARATH_Tsuboyama_2023_6ACV,random,0.10704172544772332
zero_shot,ESM2_8M_UR50D,PSAE_PICP2_Tsuboyama_2023_1PSE,random,0.45168320669601336
zero_shot,ESM2_8M_UR50D,SPG2_STRSG_Tsuboyama_2023_5UBS,random,0.31706674448361616
zero_shot,ESM2_8M_UR50D,ARGR_ECOLI_Tsuboyama_2023_1AOY,random,0.4653162162290569
zero_shot,ESM2_8M_UR50D,RAD_ANTMA_Tsuboyama_2023_2CJJ,random,0.5265421847520465
zero_shot,ESM2_8M_UR50D,RL20_AQUAE_Tsuboyama_2023_1GYZ,random,0.055511548280701456
zero_shot,ESM2_8M_UR50D,SBI_STAAM_Tsuboyama_2023_2JVG,random,0.098905336
zero_shot,ESM2_8M_UR50D,RFAH_ECOLI_Tsuboyama_2023_2LCL,random,0.011775355040294906
zero_shot,ESM2_8M_UR50D,YAIA_ECOLI_Tsuboyama_2023_2KVT,random,-0.173027539
zero_shot,EVCOUPLINGS_independent_theta0.9,ERBB2_HUMAN_Elazar_2016,random,
zero_shot,EVCOUPLINGS_independent_theta0.9,A0A2Z5U3Z0_9INFA_Doud_2016,random,0.4567988353215974
zero_shot,EVCOUPLINGS_independent_theta0.9,AICDA_HUMAN_Gajula_2014_3cycles,random,0.2706135750458911
zero_shot,EVCOUPLINGS_independent_theta0.9,A0A1I9GEU1_NEIME_Kennouche_2019,random,-0.01677353
zero_shot,EVCOUPLINGS_independent_theta0.9,CASP7_HUMAN_Roychowdhury_2020,random,0.47561221347737764
zero_shot,EVCOUPLINGS_independent_theta0.9,HSP82_YEAST_Cote-Hammarlof_2020_growth-H2O2,random,0.3087051
zero_shot,EVCOUPLINGS_independent_theta0.9,OXDA_RHOTO_Vanella_2023_activity,random,0.2866823180347331
zero_shot,EVCOUPLINGS_independent_theta0.9,KKA2_KLEPN_Melnikov_2014,random,0.479617534
zero_shot,EVCOUPLINGS_independent_theta0.9,BLAT_ECOLX_Stiffler_2015,random,0.5725989054864076
zero_shot,EVCOUPLINGS_independent_theta0.9,RASK_HUMAN_Weng_2022_abundance,random,0.40942380932254624
zero_shot,EVCOUPLINGS_independent_theta0.9,LYAM1_HUMAN_Elazar_2016,random,
zero_shot,EVCOUPLINGS_independent_theta0.9,NPC1_HUMAN_Erwood_2022_RPE1,random,0.7548963133640553
zero_shot,EVCOUPLINGS_independent_theta0.9,NUD15_HUMAN_Suiter_2020,random,0.22999063579859763
zero_shot,EVCOUPLINGS_independent_theta0.9,HXK4_HUMAN_Gersing_2022_activity,random,0.4795739996032211
zero_shot,EVCOUPLINGS_independent_theta0.9,F7YBW8_MESOW_Ding_2023,random,0.176730049
zero_shot,EVCOUPLINGS_independent_theta0.9,RPC1_LAMBD_Li_2019_low-expression,random,
zero_shot,EVCOUPLINGS_independent_theta0.9,AMIE_PSEAE_Wrenbeck_2017,random,0.42094189561743983
zero_shot,EVCOUPLINGS_independent_theta0.9,S22A1_HUMAN_Yee_2023_abundance,random,0.37711409
zero_shot,EVCOUPLINGS_independent_theta0.9,GLPA_HUMAN_Elazar_2016,random,0.39425025372615113
zero_shot,EVCOUPLINGS_independent_theta0.9,BLAT_ECOLX_Jacquier_2013,random,0.5734542172257884
zero_shot,EVCOUPLINGS_independent_theta0.9,DYR_ECOLI_Nguyen_2023,random,0.5019045588060943
zero_shot,EVCOUPLINGS_independent_theta0.9,RPC1_LAMBD_Li_2019_high-expression,random,
zero_shot,EVCOUPLINGS_independent_theta0.9,TPK1_HUMAN_Weile_2017,random,0.14301235178550156
zero_shot,EVCOUPLINGS_independent_theta0.9,CAR11_HUMAN_Meitlis_2020_lof,random,0.49862297381862997
zero_shot,EVCOUPLINGS_independent_theta0.9,MK01_HUMAN_Brenan_2016,random,0.23238690004608675
zero_shot,EVCOUPLINGS_independent_theta0.9,A0A247D711_LISMN_Stadelmann_2021,random,0.10417546717798742
zero_shot,EVCOUPLINGS_independent_theta0.9,CALM1_HUMAN_Weile_2017,random,0.1704558831385682
zero_shot,EVCOUPLINGS_independent_theta0.9,CAPSD_AAV2S_Sinai_2021,random,
zero_shot,EVCOUPLINGS_independent_theta0.9,CAR11_HUMAN_Meitlis_2020_gof,random,0.3416913228804571
zero_shot,EVCOUPLINGS_independent_theta0.9,KCNE1_HUMAN_Muhammad_2023_function,random,0.5827517659630248
zero_shot,EVCOUPLINGS_independent_theta0.9,F7YBW8_MESOW_Aakre_2015,random,0.2916965995711796
zero_shot,EVCOUPLINGS_independent_theta0.9,HSP82_YEAST_Flynn_2019,random,0.2650341434244396
zero_shot,EVCOUPLINGS_independent_theta0.9,RAF1_HUMAN_Zinkus-Boltz_2019,random,
zero_shot,EVCOUPLINGS_independent_theta0.9,SC6A4_HUMAN_Young_2021,random,0.47967268882629466
zero_shot,EVCOUPLINGS_independent_theta0.9,SRC_HUMAN_Chakraborty_2023_binding-DAS_25uM,random,0.42229320214199895
zero_shot,EVCOUPLINGS_independent_theta0.9,KCNJ2_MOUSE_Coyote-Maestas_2022_function,random,0.3302839069089994
zero_shot,EVCOUPLINGS_independent_theta0.9,LGK_LIPST_Klesmith_2015,random,0.3649355082426495
zero_shot,EVCOUPLINGS_independent_theta0.9,D7PM05_CLYGR_Somermeyer_2022,random,0.46802104521486987
zero_shot,EVCOUPLINGS_independent_theta0.9,SHOC2_HUMAN_Kwon_2022,random,0.15864196600629799
zero_shot,EVCOUPLINGS_independent_theta0.9,SUMO1_HUMAN_Weile_2017,random,0.43532180169741863
zero_shot,EVCOUPLINGS_independent_theta0.9,AACC1_PSEAI_Dandage_2018,random,0.20794677196615627
zero_shot,EVCOUPLINGS_independent_theta0.9,CBS_HUMAN_Sun_2020,random,0.3304145887076741
zero_shot,EVCOUPLINGS_independent_theta0.9,HSP82_YEAST_Mishra_2016,random,0.453747993
zero_shot,EVCOUPLINGS_independent_theta0.9,A4_HUMAN_Seuma_2022,random,
zero_shot,EVCOUPLINGS_independent_theta0.9,B2L11_HUMAN_Dutta_2010_binding-Mcl-1,random,0.535276082
zero_shot,EVCOUPLINGS_independent_theta0.9,P53_HUMAN_Giacomelli_2018_Null_Nutlin,random,0.49500125453133886
zero_shot,EVCOUPLINGS_independent_theta0.9,P53_HUMAN_Giacomelli_2018_Null_Etoposide,random,0.4717172368162991
zero_shot,EVCOUPLINGS_independent_theta0.9,RASK_HUMAN_Weng_2022_binding-DARPin_K55,random,0.5737966567561777
zero_shot,EVCOUPLINGS_independent_theta0.9,OPSD_HUMAN_Wan_2019,random,0.4301989269836169
zero_shot,EVCOUPLINGS_independent_theta0.9,PTEN_HUMAN_Mighell_2018,random,0.4560190721110511
zero_shot,EVCOUPLINGS_independent_theta0.9,CASP3_HUMAN_Roychowdhury_2020,random,0.4419695854106291
zero_shot,EVCOUPLINGS_independent_theta0.9,ADRB2_HUMAN_Jones_2020,random,0.47536981316165555
zero_shot,EVCOUPLINGS_independent_theta0.9,SPIKE_SARS2_Starr_2020_binding,random,
zero_shot,EVCOUPLINGS_independent_theta0.9,SRC_HUMAN_Nguyen_2022,random,0.40638662648976426
zero_shot,EVCOUPLINGS_independent_theta0.9,P53_HUMAN_Giacomelli_2018_WT_Nutlin,random,0.4849847636999736
zero_shot,EVCOUPLINGS_independent_theta0.9,Q59976_STRSQ_Romero_2015,random,0.5734873452197475
zero_shot,EVCOUPLINGS_independent_theta0.9,RL40A_YEAST_Roscoe_2014,random,0.4338163241595084
zero_shot,EVCOUPLINGS_independent_theta0.9,SPIKE_SARS2_Starr_2020_expression,random,
zero_shot,EVCOUPLINGS_independent_theta0.9,CAS9_STRP1_Spencer_2017_positive,random,0.161297715
zero_shot,EVCOUPLINGS_independent_theta0.9,MET_HUMAN_Estevam_2023,random,0.40470915982104666
zero_shot,EVCOUPLINGS_independent_theta0.9,CP2C9_HUMAN_Amorosi_2021_activity,random,0.29968309114511177
zero_shot,EVCOUPLINGS_independent_theta0.9,CCDB_ECOLI_Adkar_2012,random,0.053206722
zero_shot,EVCOUPLINGS_independent_theta0.9,DYR_ECOLI_Thompson_2019,random,0.3545498060173148
zero_shot,EVCOUPLINGS_independent_theta0.9,KCNJ2_MOUSE_Coyote-Maestas_2022_surface,random,0.34879241952498763
zero_shot,EVCOUPLINGS_independent_theta0.9,UBC9_HUMAN_Weile_2017,random,0.23487482469327084
zero_shot,EVCOUPLINGS_independent_theta0.9,PPM1D_HUMAN_Miller_2022,random,0.538002984
zero_shot,EVCOUPLINGS_independent_theta0.9,NPC1_HUMAN_Erwood_2022_HEK293T,random,0.6724832938734976
zero_shot,EVCOUPLINGS_independent_theta0.9,BLAT_ECOLX_Deng_2012,random,0.3858568927227276
zero_shot,EVCOUPLINGS_independent_theta0.9,VKOR1_HUMAN_Chiasson_2020_activity,random,0.35699248908125814
zero_shot,EVCOUPLINGS_independent_theta0.9,PRKN_HUMAN_Clausen_2023,random,0.5811046958815498
zero_shot,EVCOUPLINGS_independent_theta0.9,RASH_HUMAN_Bandaru_2017,random,0.44539623819039204
zero_shot,EVCOUPLINGS_independent_theta0.9,DLG4_HUMAN_Faure_2021,random,
zero_shot,EVCOUPLINGS_independent_theta0.9,HEM3_HUMAN_Loggerenberg_2023,random,0.3700503607937303
zero_shot,EVCOUPLINGS_independent_theta0.9,TADBP_HUMAN_Bolognesi_2019,random,-0.045330443
zero_shot,EVCOUPLINGS_independent_theta0.9,MTH3_HAEAE_RockahShmuel_2015,random,0.20081159532349072
zero_shot,EVCOUPLINGS_independent_theta0.9,PTEN_HUMAN_Matreyek_2021,random,0.41145839586667493
zero_shot,EVCOUPLINGS_independent_theta0.9,CCDB_ECOLI_Tripathi_2016,random,0.15198001091812638
zero_shot,EVCOUPLINGS_independent_theta0.9,ESTA_BACSU_Nutschel_2020,random,0.15159686914575196
zero_shot,EVCOUPLINGS_independent_theta0.9,PAI1_HUMAN_Huttinger_2021,random,0.4003901652591881
zero_shot,EVCOUPLINGS_independent_theta0.9,UBE4B_MOUSE_Starita_2013,random,0.45289344410757604
zero_shot,EVCOUPLINGS_independent_theta0.9,A0A2Z5U3Z0_9INFA_Wu_2014,random,0.4110835234608552
zero_shot,EVCOUPLINGS_independent_theta0.9,HIS7_YEAST_Pokusaeva_2019,random,
zero_shot,EVCOUPLINGS_independent_theta0.9,PPARG_HUMAN_Majithia_2016,random,0.23892315938997766
zero_shot,EVCOUPLINGS_independent_theta0.9,OXDA_RHOTO_Vanella_2023_expression,random,0.22265122606085086
zero_shot,EVCOUPLINGS_independent_theta0.9,P53_HUMAN_Kotler_2018,random,0.682453852
zero_shot,EVCOUPLINGS_independent_theta0.9,R1AB_SARS2_Flynn_2022,random,0.5839664451836476
zero_shot,EVCOUPLINGS_independent_theta0.9,ACE2_HUMAN_Chan_2020,random,0.2460453903145538
zero_shot,EVCOUPLINGS_independent_theta0.9,BLAT_ECOLX_Firnberg_2014,random,0.5758382956277707
zero_shot,EVCOUPLINGS_independent_theta0.9,P84126_THETH_Chan_2017,random,0.4815025925572851
zero_shot,EVCOUPLINGS_independent_theta0.9,Q6WV12_9MAXI_Somermeyer_2022,random,0.3149777509527481
zero_shot,EVCOUPLINGS_independent_theta0.9,SERC_HUMAN_Xie_2023,random,0.47039177427907675
zero_shot,EVCOUPLINGS_independent_theta0.9,NCAP_I34A1_Doud_2015,random,0.32409926244352927
zero_shot,EVCOUPLINGS_independent_theta0.9,TRPC_SACS2_Chan_2017,random,0.5368950620477405
zero_shot,EVCOUPLINGS_independent_theta0.9,PABP_YEAST_Melamed_2013,random,0.5630816379259505
zero_shot,EVCOUPLINGS_independent_theta0.9,GFP_AEQVI_Sarkisyan_2016,random,0.6027852664903869
zero_shot,EVCOUPLINGS_independent_theta0.9,CCR5_HUMAN_Gill_2023,random,0.382378715
zero_shot,EVCOUPLINGS_independent_theta0.9,GDIA_HUMAN_Silverstein_2021,random,0.42566506978980073
zero_shot,EVCOUPLINGS_independent_theta0.9,RL40A_YEAST_Mavor_2016,random,0.3537236353723415
zero_shot,EVCOUPLINGS_independent_theta0.9,OTC_HUMAN_Lo_2023,random,0.4761709210958623
zero_shot,EVCOUPLINGS_independent_theta0.9,TAT_HV1BR_Fernandes_2016,random,0.20441363728872575
zero_shot,EVCOUPLINGS_independent_theta0.9,IF1_ECOLI_Kelsic_2016,random,0.3573264858084876
zero_shot,EVCOUPLINGS_independent_theta0.9,RNC_ECOLI_Weeks_2023,random,0.5150506282492276
zero_shot,EVCOUPLINGS_independent_theta0.9,HMDH_HUMAN_Jiang_2019,random,0.6077196478604621
zero_shot,EVCOUPLINGS_independent_theta0.9,KCNH2_HUMAN_Kozek_2020,random,0.28471761794044853
zero_shot,EVCOUPLINGS_independent_theta0.9,A4GRB6_PSEAI_Chen_2020,random,0.5385311697368391
zero_shot,EVCOUPLINGS_independent_theta0.9,BRCA1_HUMAN_Findlay_2018,random,
zero_shot,EVCOUPLINGS_independent_theta0.9,Q53Z42_HUMAN_McShan_2019_expression,random,0.5252978064966584
zero_shot,EVCOUPLINGS_independent_theta0.9,GCN4_YEAST_Staller_2018,random,
zero_shot,EVCOUPLINGS_independent_theta0.9,SPG1_STRSG_Wu_2016,random,
zero_shot,EVCOUPLINGS_independent_theta0.9,PHOT_CHLRE_Chen_2023,random,
zero_shot,EVCOUPLINGS_independent_theta0.9,DLG4_RAT_McLaughlin_2012,random,
zero_shot,EVCOUPLINGS_independent_theta0.9,GRB2_HUMAN_Faure_2021,random,
zero_shot,EVCOUPLINGS_independent_theta0.9,MLAC_ECOLI_MacRae_2023,random,0.2406363415131505
zero_shot,EVCOUPLINGS_independent_theta0.9,SRC_HUMAN_Ahler_2019,random,0.5075157440079509
zero_shot,EVCOUPLINGS_independent_theta0.9,YAP1_HUMAN_Araya_2012,random,0.45785672181204345
zero_shot,EVCOUPLINGS_independent_theta0.9,TPMT_HUMAN_Matreyek_2018,random,0.4590094945996477
zero_shot,EVCOUPLINGS_independent_theta0.9,MSH2_HUMAN_Jia_2020,random,0.3256501633260592
zero_shot,EVCOUPLINGS_independent_theta0.9,SPG1_STRSG_Olson_2014,random,
zero_shot,EVCOUPLINGS_independent_theta0.9,HXK4_HUMAN_Gersing_2023_abundance,random,0.34897134516704104
zero_shot,EVCOUPLINGS_independent_theta0.9,NRAM_I33A0_Jiang_2016,random,0.5322839390921511
zero_shot,EVCOUPLINGS_independent_theta0.9,C6KNH7_9INFA_Lee_2018,random,0.41049893522512276
zero_shot,EVCOUPLINGS_independent_theta0.9,GAL4_YEAST_Kitzman_2015,random,
zero_shot,EVCOUPLINGS_independent_theta0.9,RL40A_YEAST_Roscoe_2013,random,0.3870713680913489
zero_shot,EVCOUPLINGS_independent_theta0.9,I6TAH8_I68A0_Doud_2015,random,0.35857918283316004
zero_shot,EVCOUPLINGS_independent_theta0.9,S22A1_HUMAN_Yee_2023_activity,random,0.37478158147153756
zero_shot,EVCOUPLINGS_independent_theta0.9,MTHR_HUMAN_Weile_2021,random,0.47812538529250165
zero_shot,EVCOUPLINGS_independent_theta0.9,CP2C9_HUMAN_Amorosi_2021_abundance,random,0.23964731202047249
zero_shot,EVCOUPLINGS_independent_theta0.9,TRPC_THEMA_Chan_2017,random,0.3982103308026884
zero_shot,EVCOUPLINGS_independent_theta0.9,REV_HV1H2_Fernandes_2016,random,0.11325212339640649
zero_shot,EVCOUPLINGS_independent_theta0.9,SCN5A_HUMAN_Glazer_2019,random,0.098687319
zero_shot,EVCOUPLINGS_independent_theta0.9,ENVZ_ECOLI_Ghose_2023,random,0.16019834049916393
zero_shot,EVCOUPLINGS_independent_theta0.9,VKOR1_HUMAN_Chiasson_2020_abundance,random,0.44856275079378993
zero_shot,EVCOUPLINGS_independent_theta0.9,KCNE1_HUMAN_Muhammad_2023_expression,random,0.070580126
zero_shot,EVCOUPLINGS_independent_theta0.9,CD19_HUMAN_Klesmith_2019_FMC_singles,random,0.24911240386181133
zero_shot,EVCOUPLINGS_independent_theta0.9,SYUA_HUMAN_Newberry_2020,random,0.11329350547005079
zero_shot,EVCOUPLINGS_independent_theta0.9,Q53Z42_HUMAN_McShan_2019_binding-TAPBPR,random,0.3102482046710733
zero_shot,EVCOUPLINGS_independent_theta0.9,Q8WTC7_9CNID_Somermeyer_2022,random,0.24668671993446667
zero_shot,EVCOUPLINGS_independent_theta0.9,A0A140D2T1_ZIKV_Sourisseau_2019,random,
zero_shot,EVCOUPLINGS_independent_theta0.9,A0A192B1T2_9HIV1_Haddox_2018,random,0.016890461550421548
zero_shot,EVCOUPLINGS_independent_theta0.9,A4D664_9INFA_Soh_2019,random,0.3268582692563142
zero_shot,EVCOUPLINGS_independent_theta0.9,ANCSZ_Hobbs_2022,random,0.4907573325489993
zero_shot,EVCOUPLINGS_independent_theta0.9,BRCA2_HUMAN_Erwood_2022_HEK293T,random,
zero_shot,EVCOUPLINGS_independent_theta0.9,ENV_HV1B9_DuenasDecamp_2016,random,0.37147085430440396
zero_shot,EVCOUPLINGS_independent_theta0.9,ENV_HV1BR_Haddox_2016,random,0.017472337
zero_shot,EVCOUPLINGS_independent_theta0.9,PA_I34A1_Wu_2015,random,0.37792422474260673
zero_shot,EVCOUPLINGS_independent_theta0.9,POLG_CXB3N_Mattenberger_2021,random,-0.019537749
zero_shot,EVCOUPLINGS_independent_theta0.9,POLG_DEN26_Suphatrakul_2023,random,0.5089244381121051
zero_shot,EVCOUPLINGS_independent_theta0.9,POLG_HCVJF_Qi_2014,random,
zero_shot,EVCOUPLINGS_independent_theta0.9,Q2N0S5_9HIV1_Haddox_2018,random,0.094340144
zero_shot,EVCOUPLINGS_independent_theta0.9,Q837P4_ENTFA_Meier_2023,random,
zero_shot,EVCOUPLINGS_independent_theta0.9,Q837P5_ENTFA_Meier_2023,random,
zero_shot,EVCOUPLINGS_independent_theta0.9,RDRP_I33A0_Li_2023,random,0.3224089191645805
zero_shot,EVCOUPLINGS_independent_theta0.9,TPOR_HUMAN_Bridgford_2020,random,0.3927020072236772
zero_shot,EVCOUPLINGS_independent_theta0.9,PR40A_HUMAN_Tsuboyama_2023_1UZC,random,0.76367904
zero_shot,EVCOUPLINGS_independent_theta0.9,ODP2_GEOSE_Tsuboyama_2023_1W4G,random,0.2673697116923872
zero_shot,EVCOUPLINGS_independent_theta0.9,RS15_GEOSE_Tsuboyama_2023_1A32,random,0.32486738558382944
zero_shot,EVCOUPLINGS_independent_theta0.9,VG08_BPP22_Tsuboyama_2023_2GP8,random,0.32276959084313245
zero_shot,EVCOUPLINGS_independent_theta0.9,VILI_CHICK_Tsuboyama_2023_1YU5,random,0.5783675882079263
zero_shot,EVCOUPLINGS_independent_theta0.9,AMFR_HUMAN_Tsuboyama_2023_4G3O,random,0.13877637794768147
zero_shot,EVCOUPLINGS_independent_theta0.9,RBP1_HUMAN_Tsuboyama_2023_2KWH,random,0.25857756418906647
zero_shot,EVCOUPLINGS_independent_theta0.9,FKBP3_HUMAN_Tsuboyama_2023_2KFV,random,0.1540579821942798
zero_shot,EVCOUPLINGS_independent_theta0.9,FECA_ECOLI_Tsuboyama_2023_2D1U,random,0.3426607797938611
zero_shot,EVCOUPLINGS_independent_theta0.9,NUSA_ECOLI_Tsuboyama_2023_1WCL,random,0.5605481473171802
zero_shot,EVCOUPLINGS_independent_theta0.9,ISDH_STAAW_Tsuboyama_2023_2LHR,random,0.2927814741466286
zero_shot,EVCOUPLINGS_independent_theta0.9,TCRG1_MOUSE_Tsuboyama_2023_1E0L,random,0.6998115778125144
zero_shot,EVCOUPLINGS_independent_theta0.9,SAV1_MOUSE_Tsuboyama_2023_2YSB,random,0.5595838151561546
zero_shot,EVCOUPLINGS_independent_theta0.9,POLG_PESV_Tsuboyama_2023_2MXD,random,0.14325333549814429
zero_shot,EVCOUPLINGS_independent_theta0.9,SR43C_ARATH_Tsuboyama_2023_2N88,random,0.5945075166097298
zero_shot,EVCOUPLINGS_independent_theta0.9,MAFG_MOUSE_Tsuboyama_2023_1K1V,random,0.49124468833376794
zero_shot,EVCOUPLINGS_independent_theta0.9,NUSG_MYCTU_Tsuboyama_2023_2MI6,random,0.4199550109328335
zero_shot,EVCOUPLINGS_independent_theta0.9,UBR5_HUMAN_Tsuboyama_2023_1I2T,random,0.409111734
zero_shot,EVCOUPLINGS_independent_theta0.9,BBC1_YEAST_Tsuboyama_2023_1TG0,random,0.3719044474984459
zero_shot,EVCOUPLINGS_independent_theta0.9,CBPA2_HUMAN_Tsuboyama_2023_1O6X,random,0.6730237702173675
zero_shot,EVCOUPLINGS_independent_theta0.9,TNKS2_HUMAN_Tsuboyama_2023_5JRT,random,0.45360279850253876
zero_shot,EVCOUPLINGS_independent_theta0.9,DOCK1_MOUSE_Tsuboyama_2023_2M0Y,random,0.4048384731723886
zero_shot,EVCOUPLINGS_independent_theta0.9,ILF3_HUMAN_Tsuboyama_2023_2L33,random,0.23789261614691026
zero_shot,EVCOUPLINGS_independent_theta0.9,RCRO_LAMBD_Tsuboyama_2023_1ORC,random,0.21691001462894263
zero_shot,EVCOUPLINGS_independent_theta0.9,CSN4_MOUSE_Tsuboyama_2023_1UFM,random,0.500885585
zero_shot,EVCOUPLINGS_independent_theta0.9,RD23A_HUMAN_Tsuboyama_2023_1IFY,random,0.5350981671528027
zero_shot,EVCOUPLINGS_independent_theta0.9,UBE4B_HUMAN_Tsuboyama_2023_3L1X,random,0.38687595097664573
zero_shot,EVCOUPLINGS_independent_theta0.9,DNJA1_HUMAN_Tsuboyama_2023_2LO1,random,0.8095534344561987
zero_shot,EVCOUPLINGS_independent_theta0.9,DN7A_SACS2_Tsuboyama_2023_1JIC,random,0.059996745
zero_shot,EVCOUPLINGS_independent_theta0.9,PIN1_HUMAN_Tsuboyama_2023_1I6C,random,0.699222424
zero_shot,EVCOUPLINGS_independent_theta0.9,VRPI_BPT7_Tsuboyama_2023_2WNM,random,0.20524355152030022
zero_shot,EVCOUPLINGS_independent_theta0.9,HECD1_HUMAN_Tsuboyama_2023_3DKM,random,0.3728262722116505
zero_shot,EVCOUPLINGS_independent_theta0.9,SPTN1_CHICK_Tsuboyama_2023_1TUD,random,0.6091142474285363
zero_shot,EVCOUPLINGS_independent_theta0.9,RPC1_BP434_Tsuboyama_2023_1R69,random,0.6685769930280423
zero_shot,EVCOUPLINGS_independent_theta0.9,YNZC_BACSU_Tsuboyama_2023_2JVD,random,0.5504154406477341
zero_shot,EVCOUPLINGS_independent_theta0.9,OBSCN_HUMAN_Tsuboyama_2023_1V1C,random,0.5647032782245012
zero_shot,EVCOUPLINGS_independent_theta0.9,HCP_LAMBD_Tsuboyama_2023_2L6Q,random,0.3195915918466752
zero_shot,EVCOUPLINGS_independent_theta0.9,THO1_YEAST_Tsuboyama_2023_2WQG,random,0.48954206232686964
zero_shot,EVCOUPLINGS_independent_theta0.9,SDA_BACSU_Tsuboyama_2023_1PV0,random,0.4097653969798648
zero_shot,EVCOUPLINGS_independent_theta0.9,CBX4_HUMAN_Tsuboyama_2023_2K28,random,0.6332516519561431
zero_shot,EVCOUPLINGS_independent_theta0.9,SRBS1_HUMAN_Tsuboyama_2023_2O2W,random,0.6784358651192595
zero_shot,EVCOUPLINGS_independent_theta0.9,MYO3_YEAST_Tsuboyama_2023_2BTT,random,0.33042521708549705
zero_shot,EVCOUPLINGS_independent_theta0.9,BCHB_CHLTE_Tsuboyama_2023_2KRU,random,0.4551461796153498
zero_shot,EVCOUPLINGS_independent_theta0.9,RCD1_ARATH_Tsuboyama_2023_5OAO,random,0.4395005352017862
zero_shot,EVCOUPLINGS_independent_theta0.9,SOX30_HUMAN_Tsuboyama_2023_7JJK,random,0.30048464476557263
zero_shot,EVCOUPLINGS_independent_theta0.9,NKX31_HUMAN_Tsuboyama_2023_2L9R,random,0.5861839582872657
zero_shot,EVCOUPLINGS_independent_theta0.9,CUE1_YEAST_Tsuboyama_2023_2MYX,random,0.27687897817493184
zero_shot,EVCOUPLINGS_independent_theta0.9,OTU7A_HUMAN_Tsuboyama_2023_2L2D,random,0.2789293913050054
zero_shot,EVCOUPLINGS_independent_theta0.9,PITX2_HUMAN_Tsuboyama_2023_2L7M,random,0.5890055874951895
zero_shot,EVCOUPLINGS_independent_theta0.9,PKN1_HUMAN_Tsuboyama_2023_1URF,random,0.21614531213977992
zero_shot,EVCOUPLINGS_independent_theta0.9,SQSTM_MOUSE_Tsuboyama_2023_2RRU,random,0.3670828567901061
zero_shot,EVCOUPLINGS_independent_theta0.9,EPHB2_HUMAN_Tsuboyama_2023_1F0M,random,0.7146010596256248
zero_shot,EVCOUPLINGS_independent_theta0.9,SCIN_STAAR_Tsuboyama_2023_2QFF,random,0.030954220503909047
zero_shot,EVCOUPLINGS_independent_theta0.9,MBD11_ARATH_Tsuboyama_2023_6ACV,random,0.654483134
zero_shot,EVCOUPLINGS_independent_theta0.9,PSAE_PICP2_Tsuboyama_2023_1PSE,random,0.29250148886676997
zero_shot,EVCOUPLINGS_independent_theta0.9,SPG2_STRSG_Tsuboyama_2023_5UBS,random,-0.248087935
zero_shot,EVCOUPLINGS_independent_theta0.9,ARGR_ECOLI_Tsuboyama_2023_1AOY,random,0.3573469794843829
zero_shot,EVCOUPLINGS_independent_theta0.9,RAD_ANTMA_Tsuboyama_2023_2CJJ,random,0.6009349812514166
zero_shot,EVCOUPLINGS_independent_theta0.9,RL20_AQUAE_Tsuboyama_2023_1GYZ,random,0.5497414072253274
zero_shot,EVCOUPLINGS_independent_theta0.9,SBI_STAAM_Tsuboyama_2023_2JVG,random,0.30006422339157024
zero_shot,EVCOUPLINGS_independent_theta0.9,RFAH_ECOLI_Tsuboyama_2023_2LCL,random,0.12602079056314971
zero_shot,EVCOUPLINGS_independent_theta0.9,YAIA_ECOLI_Tsuboyama_2023_2KVT,random,0.4066823418060798
zero_shot,EVCOUPLINGS_theta0.9,ERBB2_HUMAN_Elazar_2016,random,
zero_shot,EVCOUPLINGS_theta0.9,A0A2Z5U3Z0_9INFA_Doud_2016,random,0.4902505730633909
zero_shot,EVCOUPLINGS_theta0.9,AICDA_HUMAN_Gajula_2014_3cycles,random,0.44567370973792586
zero_shot,EVCOUPLINGS_theta0.9,A0A1I9GEU1_NEIME_Kennouche_2019,random,-0.003882946
zero_shot,EVCOUPLINGS_theta0.9,CASP7_HUMAN_Roychowdhury_2020,random,0.46488872285544536
zero_shot,EVCOUPLINGS_theta0.9,HSP82_YEAST_Cote-Hammarlof_2020_growth-H2O2,random,0.3402220565379307
zero_shot,EVCOUPLINGS_theta0.9,OXDA_RHOTO_Vanella_2023_activity,random,0.3360350396630616
zero_shot,EVCOUPLINGS_theta0.9,KKA2_KLEPN_Melnikov_2014,random,0.5528934887495965
zero_shot,EVCOUPLINGS_theta0.9,BLAT_ECOLX_Stiffler_2015,random,0.6198297533500177
zero_shot,EVCOUPLINGS_theta0.9,RASK_HUMAN_Weng_2022_abundance,random,0.29909890647134335
zero_shot,EVCOUPLINGS_theta0.9,LYAM1_HUMAN_Elazar_2016,random,
zero_shot,EVCOUPLINGS_theta0.9,NPC1_HUMAN_Erwood_2022_RPE1,random,0.6769954517030768
zero_shot,EVCOUPLINGS_theta0.9,NUD15_HUMAN_Suiter_2020,random,0.2748904389834574
zero_shot,EVCOUPLINGS_theta0.9,HXK4_HUMAN_Gersing_2022_activity,random,0.5147968007904345
zero_shot,EVCOUPLINGS_theta0.9,F7YBW8_MESOW_Ding_2023,random,0.17051303171515583
zero_shot,EVCOUPLINGS_theta0.9,RPC1_LAMBD_Li_2019_low-expression,random,
zero_shot,EVCOUPLINGS_theta0.9,AMIE_PSEAE_Wrenbeck_2017,random,0.5004930723362899
zero_shot,EVCOUPLINGS_theta0.9,S22A1_HUMAN_Yee_2023_abundance,random,0.32371186810234803
zero_shot,EVCOUPLINGS_theta0.9,GLPA_HUMAN_Elazar_2016,random,0.3497301337147728
zero_shot,EVCOUPLINGS_theta0.9,BLAT_ECOLX_Jacquier_2013,random,0.6201608704759023
zero_shot,EVCOUPLINGS_theta0.9,DYR_ECOLI_Nguyen_2023,random,0.4406226287947328
zero_shot,EVCOUPLINGS_theta0.9,RPC1_LAMBD_Li_2019_high-expression,random,
zero_shot,EVCOUPLINGS_theta0.9,TPK1_HUMAN_Weile_2017,random,0.15241745694484132
zero_shot,EVCOUPLINGS_theta0.9,CAR11_HUMAN_Meitlis_2020_lof,random,0.4465518780247538
zero_shot,EVCOUPLINGS_theta0.9,MK01_HUMAN_Brenan_2016,random,0.24910553790608062
zero_shot,EVCOUPLINGS_theta0.9,A0A247D711_LISMN_Stadelmann_2021,random,0.06387436
zero_shot,EVCOUPLINGS_theta0.9,CALM1_HUMAN_Weile_2017,random,0.20655395628899784
zero_shot,EVCOUPLINGS_theta0.9,CAPSD_AAV2S_Sinai_2021,random,
zero_shot,EVCOUPLINGS_theta0.9,CAR11_HUMAN_Meitlis_2020_gof,random,0.30850699621580485
zero_shot,EVCOUPLINGS_theta0.9,KCNE1_HUMAN_Muhammad_2023_function,random,0.5845267949213007
zero_shot,EVCOUPLINGS_theta0.9,F7YBW8_MESOW_Aakre_2015,random,0.20260640565596771
zero_shot,EVCOUPLINGS_theta0.9,HSP82_YEAST_Flynn_2019,random,0.26053524384798454
zero_shot,EVCOUPLINGS_theta0.9,RAF1_HUMAN_Zinkus-Boltz_2019,random,
zero_shot,EVCOUPLINGS_theta0.9,SC6A4_HUMAN_Young_2021,random,0.4597489767613002
zero_shot,EVCOUPLINGS_theta0.9,SRC_HUMAN_Chakraborty_2023_binding-DAS_25uM,random,0.383205609
zero_shot,EVCOUPLINGS_theta0.9,KCNJ2_MOUSE_Coyote-Maestas_2022_function,random,0.3611654516793477
zero_shot,EVCOUPLINGS_theta0.9,LGK_LIPST_Klesmith_2015,random,0.48301083817308554
zero_shot,EVCOUPLINGS_theta0.9,D7PM05_CLYGR_Somermeyer_2022,random,0.4944956667883847
zero_shot,EVCOUPLINGS_theta0.9,SHOC2_HUMAN_Kwon_2022,random,0.16839476343135157
zero_shot,EVCOUPLINGS_theta0.9,SUMO1_HUMAN_Weile_2017,random,0.3026952287840207
zero_shot,EVCOUPLINGS_theta0.9,AACC1_PSEAI_Dandage_2018,random,0.310225293
zero_shot,EVCOUPLINGS_theta0.9,CBS_HUMAN_Sun_2020,random,0.3719749929807389
zero_shot,EVCOUPLINGS_theta0.9,HSP82_YEAST_Mishra_2016,random,0.45988670874028165
zero_shot,EVCOUPLINGS_theta0.9,A4_HUMAN_Seuma_2022,random,
zero_shot,EVCOUPLINGS_theta0.9,B2L11_HUMAN_Dutta_2010_binding-Mcl-1,random,0.2113185880544345
zero_shot,EVCOUPLINGS_theta0.9,P53_HUMAN_Giacomelli_2018_Null_Nutlin,random,0.5218759633096558
zero_shot,EVCOUPLINGS_theta0.9,P53_HUMAN_Giacomelli_2018_Null_Etoposide,random,0.487351094
zero_shot,EVCOUPLINGS_theta0.9,RASK_HUMAN_Weng_2022_binding-DARPin_K55,random,0.5777622874672496
zero_shot,EVCOUPLINGS_theta0.9,OPSD_HUMAN_Wan_2019,random,0.3443192108673226
zero_shot,EVCOUPLINGS_theta0.9,PTEN_HUMAN_Mighell_2018,random,0.4530693227099339
zero_shot,EVCOUPLINGS_theta0.9,CASP3_HUMAN_Roychowdhury_2020,random,0.4100675943453746
zero_shot,EVCOUPLINGS_theta0.9,ADRB2_HUMAN_Jones_2020,random,0.4490992674573693
zero_shot,EVCOUPLINGS_theta0.9,SPIKE_SARS2_Starr_2020_binding,random,
zero_shot,EVCOUPLINGS_theta0.9,SRC_HUMAN_Nguyen_2022,random,0.383345361
zero_shot,EVCOUPLINGS_theta0.9,P53_HUMAN_Giacomelli_2018_WT_Nutlin,random,0.5308146695569692
zero_shot,EVCOUPLINGS_theta0.9,Q59976_STRSQ_Romero_2015,random,0.6538497516921327
zero_shot,EVCOUPLINGS_theta0.9,RL40A_YEAST_Roscoe_2014,random,0.3329300169262575
zero_shot,EVCOUPLINGS_theta0.9,SPIKE_SARS2_Starr_2020_expression,random,
zero_shot,EVCOUPLINGS_theta0.9,CAS9_STRP1_Spencer_2017_positive,random,0.1697804835857335
zero_shot,EVCOUPLINGS_theta0.9,MET_HUMAN_Estevam_2023,random,0.49358762631242453
zero_shot,EVCOUPLINGS_theta0.9,CP2C9_HUMAN_Amorosi_2021_activity,random,0.2742902742947366
zero_shot,EVCOUPLINGS_theta0.9,CCDB_ECOLI_Adkar_2012,random,-0.033269748
zero_shot,EVCOUPLINGS_theta0.9,DYR_ECOLI_Thompson_2019,random,0.4097778541464921
zero_shot,EVCOUPLINGS_theta0.9,KCNJ2_MOUSE_Coyote-Maestas_2022_surface,random,0.3048517118162165
zero_shot,EVCOUPLINGS_theta0.9,UBC9_HUMAN_Weile_2017,random,0.17622979693100946
zero_shot,EVCOUPLINGS_theta0.9,PPM1D_HUMAN_Miller_2022,random,0.555217619
zero_shot,EVCOUPLINGS_theta0.9,NPC1_HUMAN_Erwood_2022_HEK293T,random,0.6978680735511257
zero_shot,EVCOUPLINGS_theta0.9,BLAT_ECOLX_Deng_2012,random,0.42426998225404905
zero_shot,EVCOUPLINGS_theta0.9,VKOR1_HUMAN_Chiasson_2020_activity,random,0.3510026502021214
zero_shot,EVCOUPLINGS_theta0.9,PRKN_HUMAN_Clausen_2023,random,0.5972783132206174
zero_shot,EVCOUPLINGS_theta0.9,RASH_HUMAN_Bandaru_2017,random,0.3459850164048589
zero_shot,EVCOUPLINGS_theta0.9,DLG4_HUMAN_Faure_2021,random,
zero_shot,EVCOUPLINGS_theta0.9,HEM3_HUMAN_Loggerenberg_2023,random,0.34364811695203645
zero_shot,EVCOUPLINGS_theta0.9,TADBP_HUMAN_Bolognesi_2019,random,-0.040058354
zero_shot,EVCOUPLINGS_theta0.9,MTH3_HAEAE_RockahShmuel_2015,random,0.19233335613258212
zero_shot,EVCOUPLINGS_theta0.9,PTEN_HUMAN_Matreyek_2021,random,0.38224299845401305
zero_shot,EVCOUPLINGS_theta0.9,CCDB_ECOLI_Tripathi_2016,random,0.078174452
zero_shot,EVCOUPLINGS_theta0.9,ESTA_BACSU_Nutschel_2020,random,0.13061095270857004
zero_shot,EVCOUPLINGS_theta0.9,PAI1_HUMAN_Huttinger_2021,random,0.32649566033425875
zero_shot,EVCOUPLINGS_theta0.9,UBE4B_MOUSE_Starita_2013,random,0.41967114299640856
zero_shot,EVCOUPLINGS_theta0.9,A0A2Z5U3Z0_9INFA_Wu_2014,random,0.43852901582926623
zero_shot,EVCOUPLINGS_theta0.9,HIS7_YEAST_Pokusaeva_2019,random,
zero_shot,EVCOUPLINGS_theta0.9,PPARG_HUMAN_Majithia_2016,random,0.23593258470760092
zero_shot,EVCOUPLINGS_theta0.9,OXDA_RHOTO_Vanella_2023_expression,random,0.2216898970309778
zero_shot,EVCOUPLINGS_theta0.9,P53_HUMAN_Kotler_2018,random,0.6258457783669406
zero_shot,EVCOUPLINGS_theta0.9,R1AB_SARS2_Flynn_2022,random,0.6040182015762501
zero_shot,EVCOUPLINGS_theta0.9,ACE2_HUMAN_Chan_2020,random,0.2191792548129307
zero_shot,EVCOUPLINGS_theta0.9,BLAT_ECOLX_Firnberg_2014,random,0.6148793923099437
zero_shot,EVCOUPLINGS_theta0.9,P84126_THETH_Chan_2017,random,0.537311729
zero_shot,EVCOUPLINGS_theta0.9,Q6WV12_9MAXI_Somermeyer_2022,random,0.37621873
zero_shot,EVCOUPLINGS_theta0.9,SERC_HUMAN_Xie_2023,random,0.47766470596141647
zero_shot,EVCOUPLINGS_theta0.9,NCAP_I34A1_Doud_2015,random,0.32692303409625206
zero_shot,EVCOUPLINGS_theta0.9,TRPC_SACS2_Chan_2017,random,0.5533979690016761
zero_shot,EVCOUPLINGS_theta0.9,PABP_YEAST_Melamed_2013,random,0.5969553757977972
zero_shot,EVCOUPLINGS_theta0.9,GFP_AEQVI_Sarkisyan_2016,random,0.6351813782347734
zero_shot,EVCOUPLINGS_theta0.9,CCR5_HUMAN_Gill_2023,random,0.37548931486047993
zero_shot,EVCOUPLINGS_theta0.9,GDIA_HUMAN_Silverstein_2021,random,0.43421216875675817
zero_shot,EVCOUPLINGS_theta0.9,RL40A_YEAST_Mavor_2016,random,0.3606948219032463
zero_shot,EVCOUPLINGS_theta0.9,OTC_HUMAN_Lo_2023,random,0.48208260596417857
zero_shot,EVCOUPLINGS_theta0.9,TAT_HV1BR_Fernandes_2016,random,0.218362332
zero_shot,EVCOUPLINGS_theta0.9,IF1_ECOLI_Kelsic_2016,random,0.43992513429038665
zero_shot,EVCOUPLINGS_theta0.9,RNC_ECOLI_Weeks_2023,random,0.5461950991827295
zero_shot,EVCOUPLINGS_theta0.9,HMDH_HUMAN_Jiang_2019,random,0.6296543328038716
zero_shot,EVCOUPLINGS_theta0.9,KCNH2_HUMAN_Kozek_2020,random,0.36221405535138385
zero_shot,EVCOUPLINGS_theta0.9,A4GRB6_PSEAI_Chen_2020,random,0.5670172434529389
zero_shot,EVCOUPLINGS_theta0.9,BRCA1_HUMAN_Findlay_2018,random,
zero_shot,EVCOUPLINGS_theta0.9,Q53Z42_HUMAN_McShan_2019_expression,random,0.49015272795822656
zero_shot,EVCOUPLINGS_theta0.9,GCN4_YEAST_Staller_2018,random,
zero_shot,EVCOUPLINGS_theta0.9,SPG1_STRSG_Wu_2016,random,
zero_shot,EVCOUPLINGS_theta0.9,PHOT_CHLRE_Chen_2023,random,
zero_shot,EVCOUPLINGS_theta0.9,DLG4_RAT_McLaughlin_2012,random,
zero_shot,EVCOUPLINGS_theta0.9,GRB2_HUMAN_Faure_2021,random,
zero_shot,EVCOUPLINGS_theta0.9,MLAC_ECOLI_MacRae_2023,random,0.35704744685488343
zero_shot,EVCOUPLINGS_theta0.9,SRC_HUMAN_Ahler_2019,random,0.45655183135878946
zero_shot,EVCOUPLINGS_theta0.9,YAP1_HUMAN_Araya_2012,random,0.21794718777120625
zero_shot,EVCOUPLINGS_theta0.9,TPMT_HUMAN_Matreyek_2018,random,0.4658937299902689
zero_shot,EVCOUPLINGS_theta0.9,MSH2_HUMAN_Jia_2020,random,0.33282869769673656
zero_shot,EVCOUPLINGS_theta0.9,SPG1_STRSG_Olson_2014,random,
zero_shot,EVCOUPLINGS_theta0.9,HXK4_HUMAN_Gersing_2023_abundance,random,0.33858344961619197
zero_shot,EVCOUPLINGS_theta0.9,NRAM_I33A0_Jiang_2016,random,0.5617505319639678
zero_shot,EVCOUPLINGS_theta0.9,C6KNH7_9INFA_Lee_2018,random,0.44208491036487557
zero_shot,EVCOUPLINGS_theta0.9,GAL4_YEAST_Kitzman_2015,random,
zero_shot,EVCOUPLINGS_theta0.9,RL40A_YEAST_Roscoe_2013,random,0.40510131716783493
zero_shot,EVCOUPLINGS_theta0.9,I6TAH8_I68A0_Doud_2015,random,0.3620851430383084
zero_shot,EVCOUPLINGS_theta0.9,S22A1_HUMAN_Yee_2023_activity,random,0.37260653340697797
zero_shot,EVCOUPLINGS_theta0.9,MTHR_HUMAN_Weile_2021,random,0.5111834512837993
zero_shot,EVCOUPLINGS_theta0.9,CP2C9_HUMAN_Amorosi_2021_abundance,random,0.22079577188937963
zero_shot,EVCOUPLINGS_theta0.9,TRPC_THEMA_Chan_2017,random,0.4176351270812003
zero_shot,EVCOUPLINGS_theta0.9,REV_HV1H2_Fernandes_2016,random,0.15038075006428234
zero_shot,EVCOUPLINGS_theta0.9,SCN5A_HUMAN_Glazer_2019,random,0.066080215
zero_shot,EVCOUPLINGS_theta0.9,ENVZ_ECOLI_Ghose_2023,random,0.13211185728286345
zero_shot,EVCOUPLINGS_theta0.9,VKOR1_HUMAN_Chiasson_2020_abundance,random,0.44227168608883116
zero_shot,EVCOUPLINGS_theta0.9,KCNE1_HUMAN_Muhammad_2023_expression,random,0.054054392
zero_shot,EVCOUPLINGS_theta0.9,CD19_HUMAN_Klesmith_2019_FMC_singles,random,0.24953097098695076
zero_shot,EVCOUPLINGS_theta0.9,SYUA_HUMAN_Newberry_2020,random,0.11632884831552613
zero_shot,EVCOUPLINGS_theta0.9,Q53Z42_HUMAN_McShan_2019_binding-TAPBPR,random,0.29316482810555067
zero_shot,EVCOUPLINGS_theta0.9,Q8WTC7_9CNID_Somermeyer_2022,random,0.33720561124967025
zero_shot,EVCOUPLINGS_theta0.9,A0A140D2T1_ZIKV_Sourisseau_2019,random,
zero_shot,EVCOUPLINGS_theta0.9,A0A192B1T2_9HIV1_Haddox_2018,random,0.011834385
zero_shot,EVCOUPLINGS_theta0.9,A4D664_9INFA_Soh_2019,random,0.35235708776524555
zero_shot,EVCOUPLINGS_theta0.9,ANCSZ_Hobbs_2022,random,0.3841806276632527
zero_shot,EVCOUPLINGS_theta0.9,BRCA2_HUMAN_Erwood_2022_HEK293T,random,
zero_shot,EVCOUPLINGS_theta0.9,ENV_HV1B9_DuenasDecamp_2016,random,0.37476816651404404
zero_shot,EVCOUPLINGS_theta0.9,ENV_HV1BR_Haddox_2016,random,0.009891826
zero_shot,EVCOUPLINGS_theta0.9,PA_I34A1_Wu_2015,random,0.42690611855431404
zero_shot,EVCOUPLINGS_theta0.9,POLG_CXB3N_Mattenberger_2021,random,-0.031869842
zero_shot,EVCOUPLINGS_theta0.9,POLG_DEN26_Suphatrakul_2023,random,0.5818588312780687
zero_shot,EVCOUPLINGS_theta0.9,POLG_HCVJF_Qi_2014,random,
zero_shot,EVCOUPLINGS_theta0.9,Q2N0S5_9HIV1_Haddox_2018,random,0.087370817
zero_shot,EVCOUPLINGS_theta0.9,Q837P4_ENTFA_Meier_2023,random,
zero_shot,EVCOUPLINGS_theta0.9,Q837P5_ENTFA_Meier_2023,random,
zero_shot,EVCOUPLINGS_theta0.9,RDRP_I33A0_Li_2023,random,0.3846403514437134
zero_shot,EVCOUPLINGS_theta0.9,TPOR_HUMAN_Bridgford_2020,random,0.3065711547544667
zero_shot,EVCOUPLINGS_theta0.9,PR40A_HUMAN_Tsuboyama_2023_1UZC,random,0.675853574
zero_shot,EVCOUPLINGS_theta0.9,ODP2_GEOSE_Tsuboyama_2023_1W4G,random,0.1709007613123982
zero_shot,EVCOUPLINGS_theta0.9,RS15_GEOSE_Tsuboyama_2023_1A32,random,0.23485631943657712
zero_shot,EVCOUPLINGS_theta0.9,VG08_BPP22_Tsuboyama_2023_2GP8,random,0.3369359629652179
zero_shot,EVCOUPLINGS_theta0.9,VILI_CHICK_Tsuboyama_2023_1YU5,random,0.5049659473618481
zero_shot,EVCOUPLINGS_theta0.9,AMFR_HUMAN_Tsuboyama_2023_4G3O,random,0.22959877120058705
zero_shot,EVCOUPLINGS_theta0.9,RBP1_HUMAN_Tsuboyama_2023_2KWH,random,0.31370415234419385
zero_shot,EVCOUPLINGS_theta0.9,FKBP3_HUMAN_Tsuboyama_2023_2KFV,random,0.21098362995620795
zero_shot,EVCOUPLINGS_theta0.9,FECA_ECOLI_Tsuboyama_2023_2D1U,random,0.3390660875907551
zero_shot,EVCOUPLINGS_theta0.9,NUSA_ECOLI_Tsuboyama_2023_1WCL,random,0.5593906102259925
zero_shot,EVCOUPLINGS_theta0.9,ISDH_STAAW_Tsuboyama_2023_2LHR,random,-0.126434657
zero_shot,EVCOUPLINGS_theta0.9,TCRG1_MOUSE_Tsuboyama_2023_1E0L,random,0.6515699513806682
zero_shot,EVCOUPLINGS_theta0.9,SAV1_MOUSE_Tsuboyama_2023_2YSB,random,0.46480120859821955
zero_shot,EVCOUPLINGS_theta0.9,POLG_PESV_Tsuboyama_2023_2MXD,random,0.21787909411083745
zero_shot,EVCOUPLINGS_theta0.9,SR43C_ARATH_Tsuboyama_2023_2N88,random,0.5326596273614299
zero_shot,EVCOUPLINGS_theta0.9,MAFG_MOUSE_Tsuboyama_2023_1K1V,random,0.5115435042637042
zero_shot,EVCOUPLINGS_theta0.9,NUSG_MYCTU_Tsuboyama_2023_2MI6,random,0.3559864710978923
zero_shot,EVCOUPLINGS_theta0.9,UBR5_HUMAN_Tsuboyama_2023_1I2T,random,0.39874262833420937
zero_shot,EVCOUPLINGS_theta0.9,BBC1_YEAST_Tsuboyama_2023_1TG0,random,0.2925811641747806
zero_shot,EVCOUPLINGS_theta0.9,CBPA2_HUMAN_Tsuboyama_2023_1O6X,random,0.6506299789049409
zero_shot,EVCOUPLINGS_theta0.9,TNKS2_HUMAN_Tsuboyama_2023_5JRT,random,0.3215976880692644
zero_shot,EVCOUPLINGS_theta0.9,DOCK1_MOUSE_Tsuboyama_2023_2M0Y,random,0.3027853382066101
zero_shot,EVCOUPLINGS_theta0.9,ILF3_HUMAN_Tsuboyama_2023_2L33,random,0.2294046679053512
zero_shot,EVCOUPLINGS_theta0.9,RCRO_LAMBD_Tsuboyama_2023_1ORC,random,0.35712326807133554
zero_shot,EVCOUPLINGS_theta0.9,CSN4_MOUSE_Tsuboyama_2023_1UFM,random,0.42390858480440036
zero_shot,EVCOUPLINGS_theta0.9,RD23A_HUMAN_Tsuboyama_2023_1IFY,random,0.39876365998236984
zero_shot,EVCOUPLINGS_theta0.9,UBE4B_HUMAN_Tsuboyama_2023_3L1X,random,0.3937087003717803
zero_shot,EVCOUPLINGS_theta0.9,DNJA1_HUMAN_Tsuboyama_2023_2LO1,random,0.7629868738301121
zero_shot,EVCOUPLINGS_theta0.9,DN7A_SACS2_Tsuboyama_2023_1JIC,random,0.031955109
zero_shot,EVCOUPLINGS_theta0.9,PIN1_HUMAN_Tsuboyama_2023_1I6C,random,0.598221634
zero_shot,EVCOUPLINGS_theta0.9,VRPI_BPT7_Tsuboyama_2023_2WNM,random,0.2539304092265673
zero_shot,EVCOUPLINGS_theta0.9,HECD1_HUMAN_Tsuboyama_2023_3DKM,random,0.43804797935004464
zero_shot,EVCOUPLINGS_theta0.9,SPTN1_CHICK_Tsuboyama_2023_1TUD,random,0.36070185777761393
zero_shot,EVCOUPLINGS_theta0.9,RPC1_BP434_Tsuboyama_2023_1R69,random,0.4592347938035535
zero_shot,EVCOUPLINGS_theta0.9,YNZC_BACSU_Tsuboyama_2023_2JVD,random,0.5238622550285453
zero_shot,EVCOUPLINGS_theta0.9,OBSCN_HUMAN_Tsuboyama_2023_1V1C,random,0.5457831501432426
zero_shot,EVCOUPLINGS_theta0.9,HCP_LAMBD_Tsuboyama_2023_2L6Q,random,0.3656068303142185
zero_shot,EVCOUPLINGS_theta0.9,THO1_YEAST_Tsuboyama_2023_2WQG,random,0.13560580446979378
zero_shot,EVCOUPLINGS_theta0.9,SDA_BACSU_Tsuboyama_2023_1PV0,random,0.40745293056995247
zero_shot,EVCOUPLINGS_theta0.9,CBX4_HUMAN_Tsuboyama_2023_2K28,random,0.621592743
zero_shot,EVCOUPLINGS_theta0.9,SRBS1_HUMAN_Tsuboyama_2023_2O2W,random,0.6143698808653708
zero_shot,EVCOUPLINGS_theta0.9,MYO3_YEAST_Tsuboyama_2023_2BTT,random,0.1962495721801146
zero_shot,EVCOUPLINGS_theta0.9,BCHB_CHLTE_Tsuboyama_2023_2KRU,random,0.069961751
zero_shot,EVCOUPLINGS_theta0.9,RCD1_ARATH_Tsuboyama_2023_5OAO,random,0.35876826579619175
zero_shot,EVCOUPLINGS_theta0.9,SOX30_HUMAN_Tsuboyama_2023_7JJK,random,0.13149350171772645
zero_shot,EVCOUPLINGS_theta0.9,NKX31_HUMAN_Tsuboyama_2023_2L9R,random,0.5205726460216898
zero_shot,EVCOUPLINGS_theta0.9,CUE1_YEAST_Tsuboyama_2023_2MYX,random,0.3466824496013133
zero_shot,EVCOUPLINGS_theta0.9,OTU7A_HUMAN_Tsuboyama_2023_2L2D,random,0.12315919871472515
zero_shot,EVCOUPLINGS_theta0.9,PITX2_HUMAN_Tsuboyama_2023_2L7M,random,0.42007683534619533
zero_shot,EVCOUPLINGS_theta0.9,PKN1_HUMAN_Tsuboyama_2023_1URF,random,0.24474897149269478
zero_shot,EVCOUPLINGS_theta0.9,SQSTM_MOUSE_Tsuboyama_2023_2RRU,random,0.3296582330246031
zero_shot,EVCOUPLINGS_theta0.9,EPHB2_HUMAN_Tsuboyama_2023_1F0M,random,0.6340127331840179
zero_shot,EVCOUPLINGS_theta0.9,SCIN_STAAR_Tsuboyama_2023_2QFF,random,0.1807324085544079
zero_shot,EVCOUPLINGS_theta0.9,MBD11_ARATH_Tsuboyama_2023_6ACV,random,0.633703626
zero_shot,EVCOUPLINGS_theta0.9,PSAE_PICP2_Tsuboyama_2023_1PSE,random,0.3570325803536901
zero_shot,EVCOUPLINGS_theta0.9,SPG2_STRSG_Tsuboyama_2023_5UBS,random,-0.216360557
zero_shot,EVCOUPLINGS_theta0.9,ARGR_ECOLI_Tsuboyama_2023_1AOY,random,0.3481886452125137
zero_shot,EVCOUPLINGS_theta0.9,RAD_ANTMA_Tsuboyama_2023_2CJJ,random,0.3326535152705287
zero_shot,EVCOUPLINGS_theta0.9,RL20_AQUAE_Tsuboyama_2023_1GYZ,random,0.6014256259651415
zero_shot,EVCOUPLINGS_theta0.9,SBI_STAAM_Tsuboyama_2023_2JVG,random,0.3370365039974862
zero_shot,EVCOUPLINGS_theta0.9,RFAH_ECOLI_Tsuboyama_2023_2LCL,random,0.15976334582220703
zero_shot,EVCOUPLINGS_theta0.9,YAIA_ECOLI_Tsuboyama_2023_2KVT,random,0.47441616933709035
zero_shot,EVmutation2_idfiltered,ERBB2_HUMAN_Elazar_2016,random,
zero_shot,EVmutation2_idfiltered,A0A2Z5U3Z0_9INFA_Doud_2016,random,0.5117651237682687
zero_shot,EVmutation2_idfiltered,AICDA_HUMAN_Gajula_2014_3cycles,random,0.41848411837045313
zero_shot,EVmutation2_idfiltered,A0A1I9GEU1_NEIME_Kennouche_2019,random,0.037544259
zero_shot,EVmutation2_idfiltered,CASP7_HUMAN_Roychowdhury_2020,random,0.6225544212961046
zero_shot,EVmutation2_idfiltered,HSP82_YEAST_Cote-Hammarlof_2020_growth-H2O2,random,0.3611022740829931
zero_shot,EVmutation2_idfiltered,OXDA_RHOTO_Vanella_2023_activity,random,0.3878210579591438
zero_shot,EVmutation2_idfiltered,KKA2_KLEPN_Melnikov_2014,random,0.6452792512063924
zero_shot,EVmutation2_idfiltered,BLAT_ECOLX_Stiffler_2015,random,0.7450136813161724
zero_shot,EVmutation2_idfiltered,RASK_HUMAN_Weng_2022_abundance,random,0.32451201666569307
zero_shot,EVmutation2_idfiltered,LYAM1_HUMAN_Elazar_2016,random,0.386616973
zero_shot,EVmutation2_idfiltered,NPC1_HUMAN_Erwood_2022_RPE1,random,
zero_shot,EVmutation2_idfiltered,NUD15_HUMAN_Suiter_2020,random,0.5902366345254735
zero_shot,EVmutation2_idfiltered,HXK4_HUMAN_Gersing_2022_activity,random,0.46676199448432115
zero_shot,EVmutation2_idfiltered,F7YBW8_MESOW_Ding_2023,random,0.5229119761799628
zero_shot,EVmutation2_idfiltered,RPC1_LAMBD_Li_2019_low-expression,random,0.475986791
zero_shot,EVmutation2_idfiltered,AMIE_PSEAE_Wrenbeck_2017,random,0.554671185
zero_shot,EVmutation2_idfiltered,S22A1_HUMAN_Yee_2023_abundance,random,0.5635464434371688
zero_shot,EVmutation2_idfiltered,GLPA_HUMAN_Elazar_2016,random,0.30493924879027984
zero_shot,EVmutation2_idfiltered,BLAT_ECOLX_Jacquier_2013,random,0.7192105548813933
zero_shot,EVmutation2_idfiltered,DYR_ECOLI_Nguyen_2023,random,0.4755294208181053
zero_shot,EVmutation2_idfiltered,RPC1_LAMBD_Li_2019_high-expression,random,0.46138861138861137
zero_shot,EVmutation2_idfiltered,TPK1_HUMAN_Weile_2017,random,0.29894468363376536
zero_shot,EVmutation2_idfiltered,CAR11_HUMAN_Meitlis_2020_lof,random,
zero_shot,EVmutation2_idfiltered,MK01_HUMAN_Brenan_2016,random,0.1691925592075173
zero_shot,EVmutation2_idfiltered,A0A247D711_LISMN_Stadelmann_2021,random,0.20956350137668434
zero_shot,EVmutation2_idfiltered,CALM1_HUMAN_Weile_2017,random,
zero_shot,EVmutation2_idfiltered,CAPSD_AAV2S_Sinai_2021,random,0.3536008608293757
zero_shot,EVmutation2_idfiltered,CAR11_HUMAN_Meitlis_2020_gof,random,
zero_shot,EVmutation2_idfiltered,KCNE1_HUMAN_Muhammad_2023_function,random,0.5126712333730786
zero_shot,EVmutation2_idfiltered,F7YBW8_MESOW_Aakre_2015,random,0.3925927123666869
zero_shot,EVmutation2_idfiltered,HSP82_YEAST_Flynn_2019,random,0.3884051895999952
zero_shot,EVmutation2_idfiltered,RAF1_HUMAN_Zinkus-Boltz_2019,random,0.4348053330709304
zero_shot,EVmutation2_idfiltered,SC6A4_HUMAN_Young_2021,random,0.5373889182618307
zero_shot,EVmutation2_idfiltered,SRC_HUMAN_Chakraborty_2023_binding-DAS_25uM,random,0.3763102335504589
zero_shot,EVmutation2_idfiltered,KCNJ2_MOUSE_Coyote-Maestas_2022_function,random,0.33244790366302757
zero_shot,EVmutation2_idfiltered,LGK_LIPST_Klesmith_2015,random,0.5272701475741448
zero_shot,EVmutation2_idfiltered,D7PM05_CLYGR_Somermeyer_2022,random,0.5837709641960352
zero_shot,EVmutation2_idfiltered,SHOC2_HUMAN_Kwon_2022,random,0.3698441644513158
zero_shot,EVmutation2_idfiltered,SUMO1_HUMAN_Weile_2017,random,0.4588670962902633
zero_shot,EVmutation2_idfiltered,AACC1_PSEAI_Dandage_2018,random,0.4305918166287603
zero_shot,EVmutation2_idfiltered,CBS_HUMAN_Sun_2020,random,0.3565187431525779
zero_shot,EVmutation2_idfiltered,HSP82_YEAST_Mishra_2016,random,0.49703881542799927
zero_shot,EVmutation2_idfiltered,A4_HUMAN_Seuma_2022,random,0.3914747976342855
zero_shot,EVmutation2_idfiltered,B2L11_HUMAN_Dutta_2010_binding-Mcl-1,random,0.27126483106478344
zero_shot,EVmutation2_idfiltered,P53_HUMAN_Giacomelli_2018_Null_Nutlin,random,0.35357332260320623
zero_shot,EVmutation2_idfiltered,P53_HUMAN_Giacomelli_2018_Null_Etoposide,random,0.36955438920928924
zero_shot,EVmutation2_idfiltered,RASK_HUMAN_Weng_2022_binding-DARPin_K55,random,0.5668956914413299
zero_shot,EVmutation2_idfiltered,OPSD_HUMAN_Wan_2019,random,0.5745308781897458
zero_shot,EVmutation2_idfiltered,PTEN_HUMAN_Mighell_2018,random,0.48811437721813145
zero_shot,EVmutation2_idfiltered,CASP3_HUMAN_Roychowdhury_2020,random,0.6261700189030461
zero_shot,EVmutation2_idfiltered,ADRB2_HUMAN_Jones_2020,random,0.504660018
zero_shot,EVmutation2_idfiltered,SPIKE_SARS2_Starr_2020_binding,random,
zero_shot,EVmutation2_idfiltered,SRC_HUMAN_Nguyen_2022,random,0.36670600705040113
zero_shot,EVmutation2_idfiltered,P53_HUMAN_Giacomelli_2018_WT_Nutlin,random,0.38168683432389044
zero_shot,EVmutation2_idfiltered,Q59976_STRSQ_Romero_2015,random,0.6487835969645361
zero_shot,EVmutation2_idfiltered,RL40A_YEAST_Roscoe_2014,random,0.34153925667691365
zero_shot,EVmutation2_idfiltered,SPIKE_SARS2_Starr_2020_expression,random,
zero_shot,EVmutation2_idfiltered,CAS9_STRP1_Spencer_2017_positive,random,
zero_shot,EVmutation2_idfiltered,MET_HUMAN_Estevam_2023,random,
zero_shot,EVmutation2_idfiltered,CP2C9_HUMAN_Amorosi_2021_activity,random,0.6236101154267361
zero_shot,EVmutation2_idfiltered,CCDB_ECOLI_Adkar_2012,random,0.3805009128299302
zero_shot,EVmutation2_idfiltered,DYR_ECOLI_Thompson_2019,random,0.44759932449020495
zero_shot,EVmutation2_idfiltered,KCNJ2_MOUSE_Coyote-Maestas_2022_surface,random,0.32916380249589805
zero_shot,EVmutation2_idfiltered,UBC9_HUMAN_Weile_2017,random,0.5178364944988054
zero_shot,EVmutation2_idfiltered,PPM1D_HUMAN_Miller_2022,random,0.48086616842642715
zero_shot,EVmutation2_idfiltered,NPC1_HUMAN_Erwood_2022_HEK293T,random,
zero_shot,EVmutation2_idfiltered,BLAT_ECOLX_Deng_2012,random,0.548032312
zero_shot,EVmutation2_idfiltered,VKOR1_HUMAN_Chiasson_2020_activity,random,0.36862090987058604
zero_shot,EVmutation2_idfiltered,PRKN_HUMAN_Clausen_2023,random,0.5642823107303543
zero_shot,EVmutation2_idfiltered,RASH_HUMAN_Bandaru_2017,random,
zero_shot,EVmutation2_idfiltered,DLG4_HUMAN_Faure_2021,random,0.4621391738918522
zero_shot,EVmutation2_idfiltered,HEM3_HUMAN_Loggerenberg_2023,random,0.42701980030260556
zero_shot,EVmutation2_idfiltered,TADBP_HUMAN_Bolognesi_2019,random,0.1304939283731533
zero_shot,EVmutation2_idfiltered,MTH3_HAEAE_RockahShmuel_2015,random,0.6931693318787651
zero_shot,EVmutation2_idfiltered,PTEN_HUMAN_Matreyek_2021,random,0.43675137673334313
zero_shot,EVmutation2_idfiltered,CCDB_ECOLI_Tripathi_2016,random,0.4696548306333593
zero_shot,EVmutation2_idfiltered,ESTA_BACSU_Nutschel_2020,random,0.4029650268935111
zero_shot,EVmutation2_idfiltered,PAI1_HUMAN_Huttinger_2021,random,0.37889038259175783
zero_shot,EVmutation2_idfiltered,UBE4B_MOUSE_Starita_2013,random,
zero_shot,EVmutation2_idfiltered,A0A2Z5U3Z0_9INFA_Wu_2014,random,0.4542308411253414
zero_shot,EVmutation2_idfiltered,HIS7_YEAST_Pokusaeva_2019,random,
zero_shot,EVmutation2_idfiltered,PPARG_HUMAN_Majithia_2016,random,0.5406416280260745
zero_shot,EVmutation2_idfiltered,OXDA_RHOTO_Vanella_2023_expression,random,0.3015299019285928
zero_shot,EVmutation2_idfiltered,P53_HUMAN_Kotler_2018,random,0.6243039739315254
zero_shot,EVmutation2_idfiltered,R1AB_SARS2_Flynn_2022,random,0.4485367747783619
zero_shot,EVmutation2_idfiltered,ACE2_HUMAN_Chan_2020,random,0.27607863396373566
zero_shot,EVmutation2_idfiltered,BLAT_ECOLX_Firnberg_2014,random,0.742611297
zero_shot,EVmutation2_idfiltered,P84126_THETH_Chan_2017,random,0.562743157
zero_shot,EVmutation2_idfiltered,Q6WV12_9MAXI_Somermeyer_2022,random,0.3753145572941988
zero_shot,EVmutation2_idfiltered,SERC_HUMAN_Xie_2023,random,0.5052016199723914
zero_shot,EVmutation2_idfiltered,NCAP_I34A1_Doud_2015,random,0.37600401918530546
zero_shot,EVmutation2_idfiltered,TRPC_SACS2_Chan_2017,random,0.5732741347370783
zero_shot,EVmutation2_idfiltered,PABP_YEAST_Melamed_2013,random,0.5990946727298965
zero_shot,EVmutation2_idfiltered,GFP_AEQVI_Sarkisyan_2016,random,
zero_shot,EVmutation2_idfiltered,CCR5_HUMAN_Gill_2023,random,0.3376638473855831
zero_shot,EVmutation2_idfiltered,GDIA_HUMAN_Silverstein_2021,random,0.45143717351986173
zero_shot,EVmutation2_idfiltered,RL40A_YEAST_Mavor_2016,random,0.34626590509661903
zero_shot,EVmutation2_idfiltered,OTC_HUMAN_Lo_2023,random,0.5805533171786299
zero_shot,EVmutation2_idfiltered,TAT_HV1BR_Fernandes_2016,random,0.27777040096874833
zero_shot,EVmutation2_idfiltered,IF1_ECOLI_Kelsic_2016,random,0.5189284172782263
zero_shot,EVmutation2_idfiltered,RNC_ECOLI_Weeks_2023,random,0.5829956660258919
zero_shot,EVmutation2_idfiltered,HMDH_HUMAN_Jiang_2019,random,0.3269036344207344
zero_shot,EVmutation2_idfiltered,KCNH2_HUMAN_Kozek_2020,random,
zero_shot,EVmutation2_idfiltered,A4GRB6_PSEAI_Chen_2020,random,0.7006529305481474
zero_shot,EVmutation2_idfiltered,BRCA1_HUMAN_Findlay_2018,random,
zero_shot,EVmutation2_idfiltered,Q53Z42_HUMAN_McShan_2019_expression,random,0.5471966314341222
zero_shot,EVmutation2_idfiltered,GCN4_YEAST_Staller_2018,random,0.24024267960905216
zero_shot,EVmutation2_idfiltered,SPG1_STRSG_Wu_2016,random,0.12110328183474964
zero_shot,EVmutation2_idfiltered,PHOT_CHLRE_Chen_2023,random,
zero_shot,EVmutation2_idfiltered,DLG4_RAT_McLaughlin_2012,random,0.2707177550626313
zero_shot,EVmutation2_idfiltered,GRB2_HUMAN_Faure_2021,random,
zero_shot,EVmutation2_idfiltered,MLAC_ECOLI_MacRae_2023,random,0.4063557200431419
zero_shot,EVmutation2_idfiltered,SRC_HUMAN_Ahler_2019,random,0.4629462670621412
zero_shot,EVmutation2_idfiltered,YAP1_HUMAN_Araya_2012,random,0.2592268031815936
zero_shot,EVmutation2_idfiltered,TPMT_HUMAN_Matreyek_2018,random,0.49313112958872546
zero_shot,EVmutation2_idfiltered,MSH2_HUMAN_Jia_2020,random,0.35626346338424525
zero_shot,EVmutation2_idfiltered,SPG1_STRSG_Olson_2014,random,
zero_shot,EVmutation2_idfiltered,HXK4_HUMAN_Gersing_2023_abundance,random,0.3563906708405917
zero_shot,EVmutation2_idfiltered,NRAM_I33A0_Jiang_2016,random,0.6180580487891738
zero_shot,EVmutation2_idfiltered,C6KNH7_9INFA_Lee_2018,random,0.4671726862938085
zero_shot,EVmutation2_idfiltered,GAL4_YEAST_Kitzman_2015,random,0.23377700262123613
zero_shot,EVmutation2_idfiltered,RL40A_YEAST_Roscoe_2013,random,0.38860718138487743
zero_shot,EVmutation2_idfiltered,I6TAH8_I68A0_Doud_2015,random,0.2860600038150896
zero_shot,EVmutation2_idfiltered,S22A1_HUMAN_Yee_2023_activity,random,0.5308194621033328
zero_shot,EVmutation2_idfiltered,MTHR_HUMAN_Weile_2021,random,0.2576478787707433
zero_shot,EVmutation2_idfiltered,CP2C9_HUMAN_Amorosi_2021_abundance,random,0.5844852145349057
zero_shot,EVmutation2_idfiltered,TRPC_THEMA_Chan_2017,random,0.4065909386935328
zero_shot,EVmutation2_idfiltered,REV_HV1H2_Fernandes_2016,random,0.24138518078351243
zero_shot,EVmutation2_idfiltered,SCN5A_HUMAN_Glazer_2019,random,
zero_shot,EVmutation2_idfiltered,ENVZ_ECOLI_Ghose_2023,random,0.12496407932695776
zero_shot,EVmutation2_idfiltered,VKOR1_HUMAN_Chiasson_2020_abundance,random,0.4632523127039521
zero_shot,EVmutation2_idfiltered,KCNE1_HUMAN_Muhammad_2023_expression,random,0.093404608
zero_shot,EVmutation2_idfiltered,CD19_HUMAN_Klesmith_2019_FMC_singles,random,0.2533595576443544
zero_shot,EVmutation2_idfiltered,SYUA_HUMAN_Newberry_2020,random,0.075527479
zero_shot,EVmutation2_idfiltered,Q53Z42_HUMAN_McShan_2019_binding-TAPBPR,random,0.37707923218667283
zero_shot,EVmutation2_idfiltered,Q8WTC7_9CNID_Somermeyer_2022,random,0.3112067785048055
zero_shot,EVmutation2_idfiltered,A0A140D2T1_ZIKV_Sourisseau_2019,random,
zero_shot,EVmutation2_idfiltered,A0A192B1T2_9HIV1_Haddox_2018,random,0.48802911775678104
zero_shot,EVmutation2_idfiltered,A4D664_9INFA_Soh_2019,random,0.35606271087839664
zero_shot,EVmutation2_idfiltered,ANCSZ_Hobbs_2022,random,0.5084842230604558
zero_shot,EVmutation2_idfiltered,BRCA2_HUMAN_Erwood_2022_HEK293T,random,
zero_shot,EVmutation2_idfiltered,ENV_HV1B9_DuenasDecamp_2016,random,0.3420431408913041
zero_shot,EVmutation2_idfiltered,ENV_HV1BR_Haddox_2016,random,0.31962826306560416
zero_shot,EVmutation2_idfiltered,PA_I34A1_Wu_2015,random,0.4000271272463932
zero_shot,EVmutation2_idfiltered,POLG_CXB3N_Mattenberger_2021,random,
zero_shot,EVmutation2_idfiltered,POLG_DEN26_Suphatrakul_2023,random,0.5438624424613703
zero_shot,EVmutation2_idfiltered,POLG_HCVJF_Qi_2014,random,
zero_shot,EVmutation2_idfiltered,Q2N0S5_9HIV1_Haddox_2018,random,0.5132464897203274
zero_shot,EVmutation2_idfiltered,Q837P4_ENTFA_Meier_2023,random,
zero_shot,EVmutation2_idfiltered,Q837P5_ENTFA_Meier_2023,random,
zero_shot,EVmutation2_idfiltered,RDRP_I33A0_Li_2023,random,0.40194448069352107
zero_shot,EVmutation2_idfiltered,TPOR_HUMAN_Bridgford_2020,random,0.46744771601071267
zero_shot,EVmutation2_idfiltered,PR40A_HUMAN_Tsuboyama_2023_1UZC,random,0.6998804969466053
zero_shot,EVmutation2_idfiltered,ODP2_GEOSE_Tsuboyama_2023_1W4G,random,-0.045759859
zero_shot,EVmutation2_idfiltered,RS15_GEOSE_Tsuboyama_2023_1A32,random,0.3754361295419249
zero_shot,EVmutation2_idfiltered,VG08_BPP22_Tsuboyama_2023_2GP8,random,0.13660019529844739
zero_shot,EVmutation2_idfiltered,VILI_CHICK_Tsuboyama_2023_1YU5,random,0.5972929147598715
zero_shot,EVmutation2_idfiltered,AMFR_HUMAN_Tsuboyama_2023_4G3O,random,0.17859803207447655
zero_shot,EVmutation2_idfiltered,RBP1_HUMAN_Tsuboyama_2023_2KWH,random,0.22971814621297382
zero_shot,EVmutation2_idfiltered,FKBP3_HUMAN_Tsuboyama_2023_2KFV,random,0.38727949716212945
zero_shot,EVmutation2_idfiltered,FECA_ECOLI_Tsuboyama_2023_2D1U,random,0.4546335009419864
zero_shot,EVmutation2_idfiltered,NUSA_ECOLI_Tsuboyama_2023_1WCL,random,0.6089360915578114
zero_shot,EVmutation2_idfiltered,ISDH_STAAW_Tsuboyama_2023_2LHR,random,0.1460559940451181
zero_shot,EVmutation2_idfiltered,TCRG1_MOUSE_Tsuboyama_2023_1E0L,random,0.6082949776706438
zero_shot,EVmutation2_idfiltered,SAV1_MOUSE_Tsuboyama_2023_2YSB,random,0.3833149818898959
zero_shot,EVmutation2_idfiltered,POLG_PESV_Tsuboyama_2023_2MXD,random,0.39546307131155095
zero_shot,EVmutation2_idfiltered,SR43C_ARATH_Tsuboyama_2023_2N88,random,0.6187139453626239
zero_shot,EVmutation2_idfiltered,MAFG_MOUSE_Tsuboyama_2023_1K1V,random,0.5870168060722215
zero_shot,EVmutation2_idfiltered,NUSG_MYCTU_Tsuboyama_2023_2MI6,random,0.389209623
zero_shot,EVmutation2_idfiltered,UBR5_HUMAN_Tsuboyama_2023_1I2T,random,0.5024476893162207
zero_shot,EVmutation2_idfiltered,BBC1_YEAST_Tsuboyama_2023_1TG0,random,0.41679685961812996
zero_shot,EVmutation2_idfiltered,CBPA2_HUMAN_Tsuboyama_2023_1O6X,random,0.7159939885190701
zero_shot,EVmutation2_idfiltered,TNKS2_HUMAN_Tsuboyama_2023_5JRT,random,
zero_shot,EVmutation2_idfiltered,DOCK1_MOUSE_Tsuboyama_2023_2M0Y,random,0.4221309551994717
zero_shot,EVmutation2_idfiltered,ILF3_HUMAN_Tsuboyama_2023_2L33,random,0.40546054550044036
zero_shot,EVmutation2_idfiltered,RCRO_LAMBD_Tsuboyama_2023_1ORC,random,0.4936555167215913
zero_shot,EVmutation2_idfiltered,CSN4_MOUSE_Tsuboyama_2023_1UFM,random,0.46520383850663455
zero_shot,EVmutation2_idfiltered,RD23A_HUMAN_Tsuboyama_2023_1IFY,random,0.42073777916538013
zero_shot,EVmutation2_idfiltered,UBE4B_HUMAN_Tsuboyama_2023_3L1X,random,0.39454084458544497
zero_shot,EVmutation2_idfiltered,DNJA1_HUMAN_Tsuboyama_2023_2LO1,random,0.7929747837523778
zero_shot,EVmutation2_idfiltered,DN7A_SACS2_Tsuboyama_2023_1JIC,random,0.24786970699182828
zero_shot,EVmutation2_idfiltered,PIN1_HUMAN_Tsuboyama_2023_1I6C,random,0.5933076518159528
zero_shot,EVmutation2_idfiltered,VRPI_BPT7_Tsuboyama_2023_2WNM,random,0.19057912510909483
zero_shot,EVmutation2_idfiltered,HECD1_HUMAN_Tsuboyama_2023_3DKM,random,0.32537298877570503
zero_shot,EVmutation2_idfiltered,SPTN1_CHICK_Tsuboyama_2023_1TUD,random,0.6153554365634838
zero_shot,EVmutation2_idfiltered,RPC1_BP434_Tsuboyama_2023_1R69,random,0.687815635
zero_shot,EVmutation2_idfiltered,YNZC_BACSU_Tsuboyama_2023_2JVD,random,0.5790824591984634
zero_shot,EVmutation2_idfiltered,OBSCN_HUMAN_Tsuboyama_2023_1V1C,random,0.6664224257130421
zero_shot,EVmutation2_idfiltered,HCP_LAMBD_Tsuboyama_2023_2L6Q,random,0.41118642932291066
zero_shot,EVmutation2_idfiltered,THO1_YEAST_Tsuboyama_2023_2WQG,random,0.4838337055717198
zero_shot,EVmutation2_idfiltered,SDA_BACSU_Tsuboyama_2023_1PV0,random,
zero_shot,EVmutation2_idfiltered,CBX4_HUMAN_Tsuboyama_2023_2K28,random,
zero_shot,EVmutation2_idfiltered,SRBS1_HUMAN_Tsuboyama_2023_2O2W,random,
zero_shot,EVmutation2_idfiltered,MYO3_YEAST_Tsuboyama_2023_2BTT,random,0.2731418998793682
zero_shot,EVmutation2_idfiltered,BCHB_CHLTE_Tsuboyama_2023_2KRU,random,0.43002831860998836
zero_shot,EVmutation2_idfiltered,RCD1_ARATH_Tsuboyama_2023_5OAO,random,0.38497417042857984
zero_shot,EVmutation2_idfiltered,SOX30_HUMAN_Tsuboyama_2023_7JJK,random,
zero_shot,EVmutation2_idfiltered,NKX31_HUMAN_Tsuboyama_2023_2L9R,random,0.563785978
zero_shot,EVmutation2_idfiltered,CUE1_YEAST_Tsuboyama_2023_2MYX,random,0.35509782803754325
zero_shot,EVmutation2_idfiltered,OTU7A_HUMAN_Tsuboyama_2023_2L2D,random,0.27054824726874616
zero_shot,EVmutation2_idfiltered,PITX2_HUMAN_Tsuboyama_2023_2L7M,random,0.501988101
zero_shot,EVmutation2_idfiltered,PKN1_HUMAN_Tsuboyama_2023_1URF,random,0.22511613135522798
zero_shot,EVmutation2_idfiltered,SQSTM_MOUSE_Tsuboyama_2023_2RRU,random,0.4865942160136626
zero_shot,EVmutation2_idfiltered,EPHB2_HUMAN_Tsuboyama_2023_1F0M,random,0.7629583659109611
zero_shot,EVmutation2_idfiltered,SCIN_STAAR_Tsuboyama_2023_2QFF,random,0.18120970165096753
zero_shot,EVmutation2_idfiltered,MBD11_ARATH_Tsuboyama_2023_6ACV,random,0.7016413286488882
zero_shot,EVmutation2_idfiltered,PSAE_PICP2_Tsuboyama_2023_1PSE,random,0.5393339979564794
zero_shot,EVmutation2_idfiltered,SPG2_STRSG_Tsuboyama_2023_5UBS,random,0.5037330579880462
zero_shot,EVmutation2_idfiltered,ARGR_ECOLI_Tsuboyama_2023_1AOY,random,0.4484973301549372
zero_shot,EVmutation2_idfiltered,RAD_ANTMA_Tsuboyama_2023_2CJJ,random,0.388713329
zero_shot,EVmutation2_idfiltered,RL20_AQUAE_Tsuboyama_2023_1GYZ,random,0.6081036310775089
zero_shot,EVmutation2_idfiltered,SBI_STAAM_Tsuboyama_2023_2JVG,random,0.22161088378975896
zero_shot,EVmutation2_idfiltered,RFAH_ECOLI_Tsuboyama_2023_2LCL,random,0.25220152296761844
zero_shot,EVmutation2_idfiltered,YAIA_ECOLI_Tsuboyama_2023_2KVT,random,0.5999324204764908
zero_shot,RSALOR,ERBB2_HUMAN_Elazar_2016,random,0.4070936752963008
zero_shot,RSALOR,A0A2Z5U3Z0_9INFA_Doud_2016,random,0.5553162183325735
zero_shot,RSALOR,AICDA_HUMAN_Gajula_2014_3cycles,random,0.39077848194127035
zero_shot,RSALOR,A0A1I9GEU1_NEIME_Kennouche_2019,random,-0.02240155
zero_shot,RSALOR,CASP7_HUMAN_Roychowdhury_2020,random,0.6140955136508609
zero_shot,RSALOR,HSP82_YEAST_Cote-Hammarlof_2020_growth-H2O2,random,0.23260384638066642
zero_shot,RSALOR,OXDA_RHOTO_Vanella_2023_activity,random,0.388543748
zero_shot,RSALOR,KKA2_KLEPN_Melnikov_2014,random,0.6102070870719317
zero_shot,RSALOR,BLAT_ECOLX_Stiffler_2015,random,0.7255083780327535
zero_shot,RSALOR,RASK_HUMAN_Weng_2022_abundance,random,0.32427423229275587
zero_shot,RSALOR,LYAM1_HUMAN_Elazar_2016,random,0.3495757636600554
zero_shot,RSALOR,NPC1_HUMAN_Erwood_2022_RPE1,random,0.7299065097212001
zero_shot,RSALOR,NUD15_HUMAN_Suiter_2020,random,0.5749815106776308
zero_shot,RSALOR,HXK4_HUMAN_Gersing_2022_activity,random,0.510743475
zero_shot,RSALOR,F7YBW8_MESOW_Ding_2023,random,0.545311129
zero_shot,RSALOR,RPC1_LAMBD_Li_2019_low-expression,random,0.4322185206721342
zero_shot,RSALOR,AMIE_PSEAE_Wrenbeck_2017,random,0.5336391221911984
zero_shot,RSALOR,S22A1_HUMAN_Yee_2023_abundance,random,0.5806779572503679
zero_shot,RSALOR,GLPA_HUMAN_Elazar_2016,random,0.38135478013931673
zero_shot,RSALOR,BLAT_ECOLX_Jacquier_2013,random,0.6589552734709448
zero_shot,RSALOR,DYR_ECOLI_Nguyen_2023,random,0.4893498129377984
zero_shot,RSALOR,RPC1_LAMBD_Li_2019_high-expression,random,0.4413813150483145
zero_shot,RSALOR,TPK1_HUMAN_Weile_2017,random,0.23789143512476835
zero_shot,RSALOR,CAR11_HUMAN_Meitlis_2020_lof,random,0.5114712015556429
zero_shot,RSALOR,MK01_HUMAN_Brenan_2016,random,0.20409784036364423
zero_shot,RSALOR,A0A247D711_LISMN_Stadelmann_2021,random,0.38444681298267847
zero_shot,RSALOR,CALM1_HUMAN_Weile_2017,random,0.17566162343955832
zero_shot,RSALOR,CAPSD_AAV2S_Sinai_2021,random,0.5504671844196327
zero_shot,RSALOR,CAR11_HUMAN_Meitlis_2020_gof,random,0.3709902032960285
zero_shot,RSALOR,KCNE1_HUMAN_Muhammad_2023_function,random,0.3695427691778737
zero_shot,RSALOR,F7YBW8_MESOW_Aakre_2015,random,0.29485515613593366
zero_shot,RSALOR,HSP82_YEAST_Flynn_2019,random,0.34716049009078537
zero_shot,RSALOR,RAF1_HUMAN_Zinkus-Boltz_2019,random,0.39510883668944213
zero_shot,RSALOR,SC6A4_HUMAN_Young_2021,random,0.521965301
zero_shot,RSALOR,SRC_HUMAN_Chakraborty_2023_binding-DAS_25uM,random,0.42414499295542035
zero_shot,RSALOR,KCNJ2_MOUSE_Coyote-Maestas_2022_function,random,0.3295154522508933
zero_shot,RSALOR,LGK_LIPST_Klesmith_2015,random,0.4491646489646351
zero_shot,RSALOR,D7PM05_CLYGR_Somermeyer_2022,random,0.6711740843885043
zero_shot,RSALOR,SHOC2_HUMAN_Kwon_2022,random,0.33008165038428755
zero_shot,RSALOR,SUMO1_HUMAN_Weile_2017,random,0.5312669012823883
zero_shot,RSALOR,AACC1_PSEAI_Dandage_2018,random,0.44965633456762943
zero_shot,RSALOR,CBS_HUMAN_Sun_2020,random,0.3359265845012739
zero_shot,RSALOR,HSP82_YEAST_Mishra_2016,random,0.41016963949917123
zero_shot,RSALOR,A4_HUMAN_Seuma_2022,random,0.386107753
zero_shot,RSALOR,B2L11_HUMAN_Dutta_2010_binding-Mcl-1,random,0.4197506718897313
zero_shot,RSALOR,P53_HUMAN_Giacomelli_2018_Null_Nutlin,random,0.45343006681897496
zero_shot,RSALOR,P53_HUMAN_Giacomelli_2018_Null_Etoposide,random,0.477368207
zero_shot,RSALOR,RASK_HUMAN_Weng_2022_binding-DARPin_K55,random,0.5294541497204975
zero_shot,RSALOR,OPSD_HUMAN_Wan_2019,random,0.550793553
zero_shot,RSALOR,PTEN_HUMAN_Mighell_2018,random,0.5360527505824116
zero_shot,RSALOR,CASP3_HUMAN_Roychowdhury_2020,random,0.5819343394404162
zero_shot,RSALOR,ADRB2_HUMAN_Jones_2020,random,0.5136958807502104
zero_shot,RSALOR,SPIKE_SARS2_Starr_2020_binding,random,0.4068943874711504
zero_shot,RSALOR,SRC_HUMAN_Nguyen_2022,random,0.4114541949845078
zero_shot,RSALOR,P53_HUMAN_Giacomelli_2018_WT_Nutlin,random,0.5536194350231252
zero_shot,RSALOR,Q59976_STRSQ_Romero_2015,random,0.6197884972257657
zero_shot,RSALOR,RL40A_YEAST_Roscoe_2014,random,0.35469535
zero_shot,RSALOR,SPIKE_SARS2_Starr_2020_expression,random,0.5039794806427258
zero_shot,RSALOR,CAS9_STRP1_Spencer_2017_positive,random,0.1875282867854909
zero_shot,RSALOR,MET_HUMAN_Estevam_2023,random,0.5007689660354321
zero_shot,RSALOR,CP2C9_HUMAN_Amorosi_2021_activity,random,0.6689471494764179
zero_shot,RSALOR,CCDB_ECOLI_Adkar_2012,random,0.4731440825078117
zero_shot,RSALOR,DYR_ECOLI_Thompson_2019,random,0.4326008095887862
zero_shot,RSALOR,KCNJ2_MOUSE_Coyote-Maestas_2022_surface,random,0.3771574930552689
zero_shot,RSALOR,UBC9_HUMAN_Weile_2017,random,0.4419584259104507
zero_shot,RSALOR,PPM1D_HUMAN_Miller_2022,random,0.5878665853571884
zero_shot,RSALOR,NPC1_HUMAN_Erwood_2022_HEK293T,random,0.6780074400032416
zero_shot,RSALOR,BLAT_ECOLX_Deng_2012,random,0.4842576016427064
zero_shot,RSALOR,VKOR1_HUMAN_Chiasson_2020_activity,random,0.4031503281865005
zero_shot,RSALOR,PRKN_HUMAN_Clausen_2023,random,0.6818876139923558
zero_shot,RSALOR,RASH_HUMAN_Bandaru_2017,random,0.4434496507857281
zero_shot,RSALOR,DLG4_HUMAN_Faure_2021,random,0.6739203779069399
zero_shot,RSALOR,HEM3_HUMAN_Loggerenberg_2023,random,0.4420844633660296
zero_shot,RSALOR,TADBP_HUMAN_Bolognesi_2019,random,0.16985141824168196
zero_shot,RSALOR,MTH3_HAEAE_RockahShmuel_2015,random,0.5989173666341804
zero_shot,RSALOR,PTEN_HUMAN_Matreyek_2021,random,0.4763047577832174
zero_shot,RSALOR,CCDB_ECOLI_Tripathi_2016,random,0.42062482036518634
zero_shot,RSALOR,ESTA_BACSU_Nutschel_2020,random,0.4612363
zero_shot,RSALOR,PAI1_HUMAN_Huttinger_2021,random,0.42432049891036394
zero_shot,RSALOR,UBE4B_MOUSE_Starita_2013,random,0.4143831690798886
zero_shot,RSALOR,A0A2Z5U3Z0_9INFA_Wu_2014,random,0.4611763572691747
zero_shot,RSALOR,HIS7_YEAST_Pokusaeva_2019,random,
zero_shot,RSALOR,PPARG_HUMAN_Majithia_2016,random,0.6761581093717942
zero_shot,RSALOR,OXDA_RHOTO_Vanella_2023_expression,random,0.3034338018759921
zero_shot,RSALOR,P53_HUMAN_Kotler_2018,random,0.6892628437276123
zero_shot,RSALOR,R1AB_SARS2_Flynn_2022,random,0.6477524926723479
zero_shot,RSALOR,ACE2_HUMAN_Chan_2020,random,0.2687261382448106
zero_shot,RSALOR,BLAT_ECOLX_Firnberg_2014,random,0.7224203727588854
zero_shot,RSALOR,P84126_THETH_Chan_2017,random,0.47594182586699046
zero_shot,RSALOR,Q6WV12_9MAXI_Somermeyer_2022,random,0.47087412961468095
zero_shot,RSALOR,SERC_HUMAN_Xie_2023,random,0.4999131997650984
zero_shot,RSALOR,NCAP_I34A1_Doud_2015,random,0.3032725252092635
zero_shot,RSALOR,TRPC_SACS2_Chan_2017,random,0.5589987671652483
zero_shot,RSALOR,PABP_YEAST_Melamed_2013,random,0.6395027719822441
zero_shot,RSALOR,GFP_AEQVI_Sarkisyan_2016,random,0.726064689
zero_shot,RSALOR,CCR5_HUMAN_Gill_2023,random,0.3320643772119331
zero_shot,RSALOR,GDIA_HUMAN_Silverstein_2021,random,0.4411857549181925
zero_shot,RSALOR,RL40A_YEAST_Mavor_2016,random,0.2117259102484178
zero_shot,RSALOR,OTC_HUMAN_Lo_2023,random,0.5699542626039705
zero_shot,RSALOR,TAT_HV1BR_Fernandes_2016,random,0.36869717884503084
zero_shot,RSALOR,IF1_ECOLI_Kelsic_2016,random,0.37497884354005745
zero_shot,RSALOR,RNC_ECOLI_Weeks_2023,random,0.5474902928187895
zero_shot,RSALOR,HMDH_HUMAN_Jiang_2019,random,0.3996223624592947
zero_shot,RSALOR,KCNH2_HUMAN_Kozek_2020,random,0.30004620720025166
zero_shot,RSALOR,A4GRB6_PSEAI_Chen_2020,random,0.7300794679256158
zero_shot,RSALOR,BRCA1_HUMAN_Findlay_2018,random,0.49612592405117417
zero_shot,RSALOR,Q53Z42_HUMAN_McShan_2019_expression,random,0.6039820435127622
zero_shot,RSALOR,GCN4_YEAST_Staller_2018,random,0.23123998449241642
zero_shot,RSALOR,SPG1_STRSG_Wu_2016,random,0.22897966235700565
zero_shot,RSALOR,PHOT_CHLRE_Chen_2023,random,
zero_shot,RSALOR,DLG4_RAT_McLaughlin_2012,random,0.498717372
zero_shot,RSALOR,GRB2_HUMAN_Faure_2021,random,0.6091661788431374
zero_shot,RSALOR,MLAC_ECOLI_MacRae_2023,random,0.2975385054028508
zero_shot,RSALOR,SRC_HUMAN_Ahler_2019,random,0.5101633078939256
zero_shot,RSALOR,YAP1_HUMAN_Araya_2012,random,0.5413130957141893
zero_shot,RSALOR,TPMT_HUMAN_Matreyek_2018,random,0.5473614662093087
zero_shot,RSALOR,MSH2_HUMAN_Jia_2020,random,0.38142207668266376
zero_shot,RSALOR,SPG1_STRSG_Olson_2014,random,
zero_shot,RSALOR,HXK4_HUMAN_Gersing_2023_abundance,random,0.3500875252662825
zero_shot,RSALOR,NRAM_I33A0_Jiang_2016,random,0.5711171748618449
zero_shot,RSALOR,C6KNH7_9INFA_Lee_2018,random,0.5297319208043627
zero_shot,RSALOR,GAL4_YEAST_Kitzman_2015,random,0.32278760093865405
zero_shot,RSALOR,RL40A_YEAST_Roscoe_2013,random,0.24079716251033087
zero_shot,RSALOR,I6TAH8_I68A0_Doud_2015,random,0.2877927899040475
zero_shot,RSALOR,S22A1_HUMAN_Yee_2023_activity,random,0.5637465220434933
zero_shot,RSALOR,MTHR_HUMAN_Weile_2021,random,0.28409126897477616
zero_shot,RSALOR,CP2C9_HUMAN_Amorosi_2021_abundance,random,0.6212694313000701
zero_shot,RSALOR,TRPC_THEMA_Chan_2017,random,0.3606506347100023
zero_shot,RSALOR,REV_HV1H2_Fernandes_2016,random,0.21819451919747926
zero_shot,RSALOR,SCN5A_HUMAN_Glazer_2019,random,0.18235287656135388
zero_shot,RSALOR,ENVZ_ECOLI_Ghose_2023,random,0.13505047039620122
zero_shot,RSALOR,VKOR1_HUMAN_Chiasson_2020_abundance,random,0.4265245957875022
zero_shot,RSALOR,KCNE1_HUMAN_Muhammad_2023_expression,random,0.13985943477053148
zero_shot,RSALOR,CD19_HUMAN_Klesmith_2019_FMC_singles,random,0.2609456939985439
zero_shot,RSALOR,SYUA_HUMAN_Newberry_2020,random,-0.015300169
zero_shot,RSALOR,Q53Z42_HUMAN_McShan_2019_binding-TAPBPR,random,0.32470763306977307
zero_shot,RSALOR,Q8WTC7_9CNID_Somermeyer_2022,random,0.42933004193185104
zero_shot,RSALOR,A0A140D2T1_ZIKV_Sourisseau_2019,random,
zero_shot,RSALOR,A0A192B1T2_9HIV1_Haddox_2018,random,0.5404533640825468
zero_shot,RSALOR,A4D664_9INFA_Soh_2019,random,0.3179771711512468
zero_shot,RSALOR,ANCSZ_Hobbs_2022,random,0.5751596117432258
zero_shot,RSALOR,BRCA2_HUMAN_Erwood_2022_HEK293T,random,
zero_shot,RSALOR,ENV_HV1B9_DuenasDecamp_2016,random,0.2931821159006259
zero_shot,RSALOR,ENV_HV1BR_Haddox_2016,random,0.2974866931571154
zero_shot,RSALOR,PA_I34A1_Wu_2015,random,0.3918890942385521
zero_shot,RSALOR,POLG_CXB3N_Mattenberger_2021,random,0.3857872784957312
zero_shot,RSALOR,POLG_DEN26_Suphatrakul_2023,random,0.6122520355749541
zero_shot,RSALOR,POLG_HCVJF_Qi_2014,random,
zero_shot,RSALOR,Q2N0S5_9HIV1_Haddox_2018,random,0.563590201
zero_shot,RSALOR,Q837P4_ENTFA_Meier_2023,random,
zero_shot,RSALOR,Q837P5_ENTFA_Meier_2023,random,
zero_shot,RSALOR,RDRP_I33A0_Li_2023,random,0.32994342701875756
zero_shot,RSALOR,TPOR_HUMAN_Bridgford_2020,random,0.2591027062516191
zero_shot,RSALOR,PR40A_HUMAN_Tsuboyama_2023_1UZC,random,0.8202916609469313
zero_shot,RSALOR,ODP2_GEOSE_Tsuboyama_2023_1W4G,random,0.34703083201856205
zero_shot,RSALOR,RS15_GEOSE_Tsuboyama_2023_1A32,random,0.546446323
zero_shot,RSALOR,VG08_BPP22_Tsuboyama_2023_2GP8,random,0.3501468376118605
zero_shot,RSALOR,VILI_CHICK_Tsuboyama_2023_1YU5,random,0.6646376461088069
zero_shot,RSALOR,AMFR_HUMAN_Tsuboyama_2023_4G3O,random,0.19420077090271665
zero_shot,RSALOR,RBP1_HUMAN_Tsuboyama_2023_2KWH,random,0.4013629047863193
zero_shot,RSALOR,FKBP3_HUMAN_Tsuboyama_2023_2KFV,random,0.5097901862596458
zero_shot,RSALOR,FECA_ECOLI_Tsuboyama_2023_2D1U,random,0.5255662668539364
zero_shot,RSALOR,NUSA_ECOLI_Tsuboyama_2023_1WCL,random,0.6351760358383102
zero_shot,RSALOR,ISDH_STAAW_Tsuboyama_2023_2LHR,random,0.38167849418220107
zero_shot,RSALOR,TCRG1_MOUSE_Tsuboyama_2023_1E0L,random,0.7093910897603422
zero_shot,RSALOR,SAV1_MOUSE_Tsuboyama_2023_2YSB,random,0.5346146156111525
zero_shot,RSALOR,POLG_PESV_Tsuboyama_2023_2MXD,random,0.5803832662204329
zero_shot,RSALOR,SR43C_ARATH_Tsuboyama_2023_2N88,random,0.6796916253893344
zero_shot,RSALOR,MAFG_MOUSE_Tsuboyama_2023_1K1V,random,0.6703820506911127
zero_shot,RSALOR,NUSG_MYCTU_Tsuboyama_2023_2MI6,random,0.5135281578943384
zero_shot,RSALOR,UBR5_HUMAN_Tsuboyama_2023_1I2T,random,0.5903008993769587
zero_shot,RSALOR,BBC1_YEAST_Tsuboyama_2023_1TG0,random,0.4407968704350479
zero_shot,RSALOR,CBPA2_HUMAN_Tsuboyama_2023_1O6X,random,0.7502349493628664
zero_shot,RSALOR,TNKS2_HUMAN_Tsuboyama_2023_5JRT,random,0.5562729989373262
zero_shot,RSALOR,DOCK1_MOUSE_Tsuboyama_2023_2M0Y,random,0.5211127347386572
zero_shot,RSALOR,ILF3_HUMAN_Tsuboyama_2023_2L33,random,0.4415233315838875
zero_shot,RSALOR,RCRO_LAMBD_Tsuboyama_2023_1ORC,random,0.6478537459268243
zero_shot,RSALOR,CSN4_MOUSE_Tsuboyama_2023_1UFM,random,0.5417142685000356
zero_shot,RSALOR,RD23A_HUMAN_Tsuboyama_2023_1IFY,random,0.6145994171630262
zero_shot,RSALOR,UBE4B_HUMAN_Tsuboyama_2023_3L1X,random,0.42218102284349474
zero_shot,RSALOR,DNJA1_HUMAN_Tsuboyama_2023_2LO1,random,0.8168374953641303
zero_shot,RSALOR,DN7A_SACS2_Tsuboyama_2023_1JIC,random,0.43698215267721935
zero_shot,RSALOR,PIN1_HUMAN_Tsuboyama_2023_1I6C,random,0.7229508830397438
zero_shot,RSALOR,VRPI_BPT7_Tsuboyama_2023_2WNM,random,0.3924796100235591
zero_shot,RSALOR,HECD1_HUMAN_Tsuboyama_2023_3DKM,random,0.4059286323227238
zero_shot,RSALOR,SPTN1_CHICK_Tsuboyama_2023_1TUD,random,0.6762316816515356
zero_shot,RSALOR,RPC1_BP434_Tsuboyama_2023_1R69,random,0.7628320378614408
zero_shot,RSALOR,YNZC_BACSU_Tsuboyama_2023_2JVD,random,0.6114771136193703
zero_shot,RSALOR,OBSCN_HUMAN_Tsuboyama_2023_1V1C,random,0.7008072597182889
zero_shot,RSALOR,HCP_LAMBD_Tsuboyama_2023_2L6Q,random,0.5423720564001105
zero_shot,RSALOR,THO1_YEAST_Tsuboyama_2023_2WQG,random,0.5712265693242488
zero_shot,RSALOR,SDA_BACSU_Tsuboyama_2023_1PV0,random,0.5271214107265928
zero_shot,RSALOR,CBX4_HUMAN_Tsuboyama_2023_2K28,random,0.6521000243849496
zero_shot,RSALOR,SRBS1_HUMAN_Tsuboyama_2023_2O2W,random,0.7307307551518923
zero_shot,RSALOR,MYO3_YEAST_Tsuboyama_2023_2BTT,random,0.20120116492802675
zero_shot,RSALOR,BCHB_CHLTE_Tsuboyama_2023_2KRU,random,0.6179622872007049
zero_shot,RSALOR,RCD1_ARATH_Tsuboyama_2023_5OAO,random,0.46492058918860446
zero_shot,RSALOR,SOX30_HUMAN_Tsuboyama_2023_7JJK,random,0.388952966
zero_shot,RSALOR,NKX31_HUMAN_Tsuboyama_2023_2L9R,random,0.6373276886727943
zero_shot,RSALOR,CUE1_YEAST_Tsuboyama_2023_2MYX,random,0.4374089756215661
zero_shot,RSALOR,OTU7A_HUMAN_Tsuboyama_2023_2L2D,random,0.4877077555925441
zero_shot,RSALOR,PITX2_HUMAN_Tsuboyama_2023_2L7M,random,0.6093750223797479
zero_shot,RSALOR,PKN1_HUMAN_Tsuboyama_2023_1URF,random,0.4186528557578104
zero_shot,RSALOR,SQSTM_MOUSE_Tsuboyama_2023_2RRU,random,0.6522842878816828
zero_shot,RSALOR,EPHB2_HUMAN_Tsuboyama_2023_1F0M,random,0.7815507925380258
zero_shot,RSALOR,SCIN_STAAR_Tsuboyama_2023_2QFF,random,0.2984518729285284
zero_shot,RSALOR,MBD11_ARATH_Tsuboyama_2023_6ACV,random,0.7474951547428802
zero_shot,RSALOR,PSAE_PICP2_Tsuboyama_2023_1PSE,random,0.6209237605047699
zero_shot,RSALOR,SPG2_STRSG_Tsuboyama_2023_5UBS,random,0.6059474299265873
zero_shot,RSALOR,ARGR_ECOLI_Tsuboyama_2023_1AOY,random,0.5717354533137228
zero_shot,RSALOR,RAD_ANTMA_Tsuboyama_2023_2CJJ,random,0.5417961006217182
zero_shot,RSALOR,RL20_AQUAE_Tsuboyama_2023_1GYZ,random,0.7450595506373525
zero_shot,RSALOR,SBI_STAAM_Tsuboyama_2023_2JVG,random,0.5157121642555584
zero_shot,RSALOR,RFAH_ECOLI_Tsuboyama_2023_2LCL,random,0.29507084927662713
zero_shot,RSALOR,YAIA_ECOLI_Tsuboyama_2023_2KVT,random,0.5605354203577273