{"train_mse": 0.7846795293788837, "train_r_square": 0.2142557765514025, "train_spearman": 0.8765853375755117, "test_mse": 1.658376269729701, "test_r_square": -0.23546345219886655, "test_spearman": 0.06202159659959013}